-- phpMyAdmin SQL Dump
-- version 5.2.1
-- https://www.phpmyadmin.net/
--
-- Host: 127.0.0.1
-- Generation Time: Feb 14, 2026 at 12:32 PM
-- Server version: 10.4.32-MariaDB
-- PHP Version: 8.2.12

SET SQL_MODE = "NO_AUTO_VALUE_ON_ZERO";
START TRANSACTION;
SET time_zone = "+00:00";


/*!40101 SET @OLD_CHARACTER_SET_CLIENT=@@CHARACTER_SET_CLIENT */;
/*!40101 SET @OLD_CHARACTER_SET_RESULTS=@@CHARACTER_SET_RESULTS */;
/*!40101 SET @OLD_COLLATION_CONNECTION=@@COLLATION_CONNECTION */;
/*!40101 SET NAMES utf8mb4 */;

--
-- Database: `time_and_attendance`
--
use 'time_and_attendance';
-- --------------------------------------------------------

--
-- Table structure for table `attendance`
--

CREATE TABLE `attendance` (
  `attendance_id` int(11) NOT NULL,
  `employee_id` int(11) NOT NULL,
  `attendance_date` date NOT NULL,
  `time_in` datetime DEFAULT NULL,
  `time_out` datetime DEFAULT NULL,
  `recorded_by` enum('MANUAL','QR','SYSTEM') NOT NULL DEFAULT 'MANUAL',
  `status` enum('PRESENT','ABSENT','LATE','EARLY_OUT','PENDING_APPROVAL') NOT NULL DEFAULT 'PENDING_APPROVAL',
  `is_approved` tinyint(1) DEFAULT 0,
  `approved_by` int(11) DEFAULT NULL,
  `approval_remarks` varchar(255) DEFAULT NULL,
  `approved_at` datetime DEFAULT NULL,
  `created_at` timestamp NOT NULL DEFAULT current_timestamp(),
  `updated_at` timestamp NOT NULL DEFAULT current_timestamp() ON UPDATE current_timestamp(),
  `total_hours_worked` decimal(5,2) DEFAULT NULL,
  `regular_hours` decimal(5,2) DEFAULT NULL,
  `overtime_hours` decimal(5,2) DEFAULT NULL,
  `is_within_time_window` tinyint(1) DEFAULT 1,
  `is_within_timeout_window` tinyint(1) DEFAULT 1
) ENGINE=InnoDB DEFAULT CHARSET=utf8mb4 COLLATE=utf8mb4_general_ci;

--
-- Dumping data for table `attendance`
--

INSERT INTO `attendance` (`attendance_id`, `employee_id`, `attendance_date`, `time_in`, `time_out`, `recorded_by`, `status`, `is_approved`, `approved_by`, `approval_remarks`, `approved_at`, `created_at`, `updated_at`, `total_hours_worked`, `regular_hours`, `overtime_hours`, `is_within_time_window`, `is_within_timeout_window`) VALUES
(1, 2, '2026-01-28', '2026-01-28 02:44:46', NULL, 'QR', 'PENDING_APPROVAL', 1, 1, '', '2026-01-28 11:00:35', '2026-01-28 02:44:46', '2026-01-28 03:00:35', NULL, NULL, NULL, 1, 1),
(2, 9, '2026-01-28', '2026-01-28 10:48:41', NULL, 'QR', 'PENDING_APPROVAL', 1, 1, '', '2026-01-28 11:00:11', '2026-01-28 02:48:41', '2026-01-28 03:00:11', NULL, NULL, NULL, 1, 1),
(3, 6, '2026-01-28', '2026-01-28 15:33:13', '2026-01-28 15:33:44', 'QR', 'PENDING_APPROVAL', 1, 1, '', '2026-01-29 21:27:43', '2026-01-28 07:33:13', '2026-01-29 13:27:43', NULL, NULL, NULL, 1, 1),
(4, 6, '2026-01-29', '2026-01-29 21:25:04', '2026-01-29 21:25:28', 'QR', 'PENDING_APPROVAL', 1, 1, '', '2026-01-29 21:27:30', '2026-01-29 13:25:04', '2026-01-29 13:27:30', NULL, NULL, NULL, 1, 1),
(5, 4, '2026-01-29', '2026-01-29 21:29:32', NULL, 'QR', 'PENDING_APPROVAL', 1, 1, '', '2026-01-31 23:16:56', '2026-01-29 13:29:32', '2026-01-31 15:16:56', NULL, NULL, NULL, 1, 1),
(6, 4, '2026-01-30', '2026-01-30 16:21:08', '2026-01-30 16:22:21', 'QR', 'PENDING_APPROVAL', 1, 1, '', '2026-01-31 23:16:47', '2026-01-30 08:21:08', '2026-01-31 15:16:47', NULL, NULL, NULL, 1, 1),
(7, 2, '2026-01-31', '2026-01-31 23:18:23', '2026-01-31 23:18:28', 'MANUAL', 'PENDING_APPROVAL', 1, 1, '', '2026-01-31 23:28:21', '2026-01-31 15:18:23', '2026-01-31 15:28:21', NULL, NULL, NULL, 1, 1),
(8, 5, '2026-01-31', '2026-01-31 23:29:29', '2026-01-31 23:29:35', 'MANUAL', 'PENDING_APPROVAL', 1, 1, '', '2026-01-31 23:29:51', '2026-01-31 15:29:29', '2026-01-31 15:29:51', NULL, NULL, NULL, 1, 1),
(9, 1, '2026-02-04', '2026-02-04 22:22:12', '2026-02-04 23:47:57', 'MANUAL', 'PENDING_APPROVAL', 0, NULL, NULL, NULL, '2026-02-04 14:22:12', '2026-02-04 15:47:57', 1.43, 1.43, 0.00, 1, 1),
(10, 6, '2026-02-04', '2026-02-04 23:28:17', NULL, 'QR', 'PENDING_APPROVAL', 0, NULL, NULL, NULL, '2026-02-04 15:28:17', '2026-02-04 15:28:17', NULL, NULL, NULL, 1, 1),
(11, 1, '2026-02-05', '2026-02-05 08:49:57', '2026-02-05 15:04:42', 'MANUAL', 'PENDING_APPROVAL', 1, 1, '', '2026-02-05 10:08:35', '2026-02-05 00:49:57', '2026-02-05 07:04:42', NULL, NULL, NULL, 1, 1),
(12, 2, '2026-02-05', '2026-02-05 12:32:34', NULL, 'MANUAL', 'PENDING_APPROVAL', 0, NULL, NULL, NULL, '2026-02-05 04:32:34', '2026-02-05 04:32:34', NULL, NULL, NULL, 1, 1),
(13, 6, '2026-02-05', '2026-02-05 16:46:51', '2026-02-05 17:48:18', 'MANUAL', 'PRESENT', 0, NULL, NULL, NULL, '2026-02-05 08:46:51', '2026-02-05 09:48:18', NULL, NULL, NULL, 1, 1),
(14, 6, '2026-02-12', '2026-02-12 17:10:41', NULL, 'MANUAL', 'PRESENT', 0, NULL, NULL, NULL, '2026-02-12 09:10:41', '2026-02-12 09:10:41', NULL, NULL, NULL, 1, 1);

-- --------------------------------------------------------

--
-- Table structure for table `attendance_tokens`
--

CREATE TABLE `attendance_tokens` (
  `token_id` int(11) NOT NULL,
  `token` varchar(255) NOT NULL,
  `generated_by` int(11) NOT NULL,
  `generated_for_date` date NOT NULL,
  `expires_at` datetime NOT NULL,
  `used` tinyint(1) DEFAULT 0,
  `used_by` int(11) DEFAULT NULL,
  `used_at` datetime DEFAULT NULL,
  `ip_address` varchar(45) DEFAULT NULL,
  `created_at` timestamp NOT NULL DEFAULT current_timestamp()
) ENGINE=InnoDB DEFAULT CHARSET=utf8mb4 COLLATE=utf8mb4_general_ci;

--
-- Dumping data for table `attendance_tokens`
--

INSERT INTO `attendance_tokens` (`token_id`, `token`, `generated_by`, `generated_for_date`, `expires_at`, `used`, `used_by`, `used_at`, `ip_address`, `created_at`) VALUES
(1, 'fbbb39ee81044fd396f67dfa8a62a12fc35239d1cfeed456f271594fd1235eac', 1, '2026-01-28', '2026-01-28 02:44:51', 0, NULL, NULL, NULL, '2026-01-28 02:43:51'),
(2, '25a955b89de0d0d7513bf8aa1f48f563343a19e30903db9e400bb8e3eb10f939', 1, '2026-01-28', '2026-01-28 02:45:21', 1, 2, '2026-01-28 02:44:46', NULL, '2026-01-28 02:44:21'),
(3, 'b8fb3e0de1e6f692297782cd3316b7cc93340327835c8fc0d2ae486ea05082fe', 1, '2026-01-28', '2026-01-28 02:45:51', 0, NULL, NULL, NULL, '2026-01-28 02:44:51'),
(4, '97341f565904111b2bec7331f647e8e57b3b9b0e1f5d4c768c11b054df133404', 1, '2026-01-28', '2026-01-28 02:46:21', 0, NULL, NULL, NULL, '2026-01-28 02:45:21'),
(5, 'a0710f24b7db37157299b42ea556d1adb7f6e6694c0612d98755a038fe9a2335', 1, '2026-01-28', '2026-01-28 02:46:51', 0, NULL, NULL, NULL, '2026-01-28 02:45:51'),
(6, '42da720d0405343bcc5a4248c8350096857e11459c2e46e7f18ce0dd534709bb', 1, '2026-01-28', '2026-01-28 02:47:22', 0, NULL, NULL, NULL, '2026-01-28 02:46:22'),
(7, 'cfad93fdd34894e956810115fb226627c94f7f0073dc7941cb959fdc7b768602', 1, '2026-01-28', '2026-01-28 10:49:29', 1, 9, '2026-01-28 10:48:41', NULL, '2026-01-28 02:48:29'),
(8, '552968c0277ad6b2844acd8c0125af1e3bbb7a27b3342709e0a9fb2d17761b6c', 1, '2026-01-28', '2026-01-28 10:50:00', 0, NULL, NULL, NULL, '2026-01-28 02:49:00'),
(9, '51dc0338a7366ea23c71ca1697900a672b85e4583d4008eb0b255c6469047c73', 1, '2026-01-28', '2026-01-28 10:50:30', 0, NULL, NULL, NULL, '2026-01-28 02:49:30'),
(10, 'd2becaf11d39273a7521583b4feff4158a802d6efe2340f32b67b77166ffee8f', 1, '2026-01-28', '2026-01-28 10:51:00', 0, NULL, NULL, NULL, '2026-01-28 02:50:00'),
(11, '59f401824cf4e76f5dbf5cabf8fbb193a8bdeae10e2a7bc49e6f746af7cdae2d', 1, '2026-01-28', '2026-01-28 10:51:30', 0, NULL, NULL, NULL, '2026-01-28 02:50:30'),
(12, 'f0d04f445ebb0da644357dcd57b158661eaf3ed275f4031f8dc1266bb5bbe682', 1, '2026-01-28', '2026-01-28 10:52:00', 0, NULL, NULL, NULL, '2026-01-28 02:51:00'),
(13, '53684c9e424967d1f023aa41e20ee66d5427effd2a16faaa24fcc78070d5adac', 1, '2026-01-28', '2026-01-28 10:52:30', 0, NULL, NULL, NULL, '2026-01-28 02:51:30'),
(14, 'e604a6547367c53784ddf772967b8fb82cffc8db94749c004f2c6b4a20735571', 1, '2026-01-28', '2026-01-28 10:53:00', 0, NULL, NULL, NULL, '2026-01-28 02:52:00'),
(15, 'a1a702fe863ee9874b03db8e5c8feb2e671ca313fe954cef28b5efe86aec83ac', 1, '2026-01-28', '2026-01-28 10:53:30', 0, NULL, NULL, NULL, '2026-01-28 02:52:30'),
(16, '8eb57731cf675509f1a8d5802bb4c3020bcc08b1a2b37a821b7894f7dad6fb5c', 1, '2026-01-28', '2026-01-28 10:54:00', 0, NULL, NULL, NULL, '2026-01-28 02:53:00'),
(17, 'd1d2963833fab8f20ee04554bfa4b8c292bb8e7dde9fc5b3f0fbb405b90241fc', 1, '2026-01-28', '2026-01-28 10:54:30', 0, NULL, NULL, NULL, '2026-01-28 02:53:30'),
(18, '7a826e465476483d8e7bf053b0530193f0de8f85e2b50b0034430a5192b0ff99', 1, '2026-01-28', '2026-01-28 10:55:00', 0, NULL, NULL, NULL, '2026-01-28 02:54:00'),
(19, '59416fb53c354298852649b018b28f7bb14b41e0a7f60103709e7d84569afba3', 1, '2026-01-28', '2026-01-28 10:55:30', 0, NULL, NULL, NULL, '2026-01-28 02:54:30'),
(20, '03d44947a9e85a6cb24e8340ecf7df6df690eee73e445d70270e7f39026c19ad', 1, '2026-01-28', '2026-01-28 10:56:00', 0, NULL, NULL, NULL, '2026-01-28 02:55:00'),
(21, '1c4ba0ef07bb7bd77a6aa8f32cf7b4712a94ace106cd0f665e91981d1639bac3', 1, '2026-01-28', '2026-01-28 10:56:30', 0, NULL, NULL, NULL, '2026-01-28 02:55:30'),
(22, 'fabc111ea4a4c99150246161a3a96ac075c2c558f41fff14b5e2d0e9e25fa211', 1, '2026-01-28', '2026-01-28 10:57:00', 0, NULL, NULL, NULL, '2026-01-28 02:56:00'),
(23, '21c592b0381dbf5e5d18d0e65e0392b76933679751933e86217fc53f3c379d18', 1, '2026-01-28', '2026-01-28 10:57:31', 0, NULL, NULL, NULL, '2026-01-28 02:56:31'),
(24, '595fca5c976936626243e52e17c4a6d4c947f9e7919c3dfc23fc2b291a96621d', 1, '2026-01-28', '2026-01-28 10:58:01', 0, NULL, NULL, NULL, '2026-01-28 02:57:01'),
(25, '11b3bfb76f38debc9188abb946f9bea2274d97d1df69b127ead960203cd54c95', 1, '2026-01-28', '2026-01-28 10:58:31', 0, NULL, NULL, NULL, '2026-01-28 02:57:31'),
(26, '1dc5e3810c7018831f647ffcd438cdab4d23660aa8c466523a80ed3001033e90', 1, '2026-01-28', '2026-01-28 10:59:01', 0, NULL, NULL, NULL, '2026-01-28 02:58:01'),
(27, '52eb59cece770fd6dfb20da209c11615bf3c34080b2c994aeefb942bee693355', 1, '2026-01-28', '2026-01-28 10:59:31', 0, NULL, NULL, NULL, '2026-01-28 02:58:31'),
(28, '138a2126756fd3f4502c3dacb4975a036c8691168f4a9106c8dd9cba6e8a161a', 1, '2026-01-28', '2026-01-28 11:00:01', 0, NULL, NULL, NULL, '2026-01-28 02:59:01'),
(29, 'd97670d7e370925aff70a1e96ca1290f0a97a9e78647a1e84623600e1d2c96c3', 1, '2026-01-28', '2026-01-28 11:00:31', 0, NULL, NULL, NULL, '2026-01-28 02:59:31'),
(30, '871a3d5014e180237d719365fd576fbb780684aa5a8e5e4c7c0a688a124c7d69', 1, '2026-01-28', '2026-01-28 11:01:01', 0, NULL, NULL, NULL, '2026-01-28 03:00:01'),
(31, 'e838f72c4c92ad0c875914571a738e2a212658c052235ea9770565871dcbc1df', 1, '2026-01-28', '2026-01-28 15:33:07', 0, NULL, NULL, NULL, '2026-01-28 07:32:07'),
(32, 'e8320364cacbec944c761d848cd7f98f55051effa9248a3b43a213122909da8c', 1, '2026-01-28', '2026-01-28 15:33:37', 0, NULL, NULL, NULL, '2026-01-28 07:32:37'),
(33, '8c2717b38431ee82550c7526b6589ac705d642601d438596b562682f29b35c96', 1, '2026-01-28', '2026-01-28 15:34:07', 1, 6, '2026-01-28 15:33:13', NULL, '2026-01-28 07:33:07'),
(34, 'd88f6da5211128d4a1464fc4e9b8826bf9b88b28ea3c1573085643bda20d6c05', 1, '2026-01-28', '2026-01-28 15:34:37', 1, 6, '2026-01-28 15:33:44', NULL, '2026-01-28 07:33:37'),
(35, '345c37e37544835b1caa9dd86a681146fd34aa7817f07520962dee2fc11f56c3', 1, '2026-01-28', '2026-01-28 15:35:07', 0, NULL, NULL, NULL, '2026-01-28 07:34:07'),
(36, '80797d15a060ba214518dee8e0f15023ae18bc535582f8cf58b528cce362b542', 1, '2026-01-28', '2026-01-28 15:35:39', 0, NULL, NULL, NULL, '2026-01-28 07:34:39'),
(37, '8167d6a4724d449df9c358392869439404d5d5c4bfccbd8abef97a44360b5084', 1, '2026-01-28', '2026-01-28 15:44:23', 0, NULL, NULL, NULL, '2026-01-28 07:43:23'),
(38, '4ea49a78046ba67cccb4118a5ff28b5eb837b61490250ef5ae381bde5eec9d8f', 1, '2026-01-28', '2026-01-28 15:44:27', 0, NULL, NULL, NULL, '2026-01-28 07:43:27'),
(39, '77899984c5aec41cb87ccfef2c58a9e3bf453eff0e456166b46e4ce62835d389', 1, '2026-01-29', '2026-01-29 21:24:14', 0, NULL, NULL, NULL, '2026-01-29 13:23:14'),
(40, 'd52c1833168a1e0d998e0b4295570e9953436e75052c70e5408cef88d73cbcd3', 1, '2026-01-29', '2026-01-29 21:24:44', 0, NULL, NULL, NULL, '2026-01-29 13:23:44'),
(41, 'c7782e92e5bee222530f48e04add58dab942e8aae2d6238873c3eaa144411c98', 1, '2026-01-29', '2026-01-29 21:25:14', 0, NULL, NULL, NULL, '2026-01-29 13:24:14'),
(42, '92b6123ee0a626f6104f6d129f3de9069e89d5d29281d139ab21bce616c4fc3c', 1, '2026-01-29', '2026-01-29 21:25:44', 1, 6, '2026-01-29 21:25:04', NULL, '2026-01-29 13:24:44'),
(43, 'ad32220aa3f801f87569e5f3a0bfabbf3e674bcfe59a79c8b9f2efb6f45c331d', 1, '2026-01-29', '2026-01-29 21:26:15', 1, 6, '2026-01-29 21:25:28', NULL, '2026-01-29 13:25:15'),
(44, 'ac6ff1acd1548afc53e8cb51f97e803a61676c38a9e2ff81ba23dfe4cbfe1881', 1, '2026-01-29', '2026-01-29 21:26:45', 0, NULL, NULL, NULL, '2026-01-29 13:25:45'),
(45, 'ae114863019964479d5fbe735e728f072678e57063522704fad96bb90f72a0cc', 1, '2026-01-29', '2026-01-29 21:27:15', 0, NULL, NULL, NULL, '2026-01-29 13:26:15'),
(46, '04f3ee151fec7967b8d6fc6df8fa120fa7cf5c542f34ed184987ef63d981eb05', 1, '2026-01-29', '2026-01-29 21:29:37', 0, NULL, NULL, NULL, '2026-01-29 13:28:37'),
(47, '228e86caf7b194771649605cdcb23f0fd98cf31d954ac11b2d27d16cce98e019', 1, '2026-01-29', '2026-01-29 21:30:07', 1, 4, '2026-01-29 21:29:32', NULL, '2026-01-29 13:29:07'),
(48, 'e7dd8ff2156623316c1f3320fda9a10026750d7d3b76d597eb5f92b13c50c6c7', 1, '2026-01-29', '2026-01-29 21:30:37', 0, NULL, NULL, NULL, '2026-01-29 13:29:37'),
(49, '246e0698f22a01c3b2a3e9ec7632d98e8317140314eb0327b45294f26c780b2f', 1, '2026-01-30', '2026-01-30 16:20:29', 0, NULL, NULL, NULL, '2026-01-30 08:19:29'),
(50, '37e030ba402263b16b08a1f000f0cf3fce01f5ee41741b763c20737891217ac1', 1, '2026-01-30', '2026-01-30 16:20:59', 0, NULL, NULL, NULL, '2026-01-30 08:19:59'),
(51, '5715b083ef56090876597d57192231207787828e5756fd569d0a2e2ae5cfc6e6', 1, '2026-01-30', '2026-01-30 16:21:29', 0, NULL, NULL, NULL, '2026-01-30 08:20:29'),
(52, 'd0703b75c4b39bd218594c62328aaef7f43bffa70348afb0d37de77972f22fa4', 1, '2026-01-30', '2026-01-30 16:21:59', 1, 4, '2026-01-30 16:21:08', NULL, '2026-01-30 08:20:59'),
(53, '79eb7e267fbd69e131c128791fdda4d88498766eb3f8745605e5828ebf6082ef', 1, '2026-01-30', '2026-01-30 16:22:29', 0, NULL, NULL, NULL, '2026-01-30 08:21:29'),
(54, 'cf0777708ba3be22de0ecb02f43c8592e043c89cf0ec00189a76cc634c6e7015', 1, '2026-01-30', '2026-01-30 16:22:59', 1, 4, '2026-01-30 16:22:21', NULL, '2026-01-30 08:21:59'),
(55, '2c9a6b4b09960a11fa50327ca4bfa8dffeb1573a9718668c8055dc6530ed5782', 1, '2026-01-30', '2026-01-30 16:23:30', 0, NULL, NULL, NULL, '2026-01-30 08:22:30'),
(56, '5df4dbb792c89bd6b926e0a793352c7cb1051f1b7078e51873fdbf8b5d5f3770', 1, '2026-01-30', '2026-01-30 16:24:02', 0, NULL, NULL, NULL, '2026-01-30 08:23:02'),
(57, '62b5c71e287abba2f24be85d4b8eb21dd484f8e58fab5da523ceacad5c4073f4', 1, '2026-01-30', '2026-01-30 16:25:01', 0, NULL, NULL, NULL, '2026-01-30 08:24:01'),
(58, '1cba6f629ea0f467ea7b6d50ab7292ce413d889e0970ddba16474568f934498e', 1, '2026-01-30', '2026-01-30 16:25:32', 0, NULL, NULL, NULL, '2026-01-30 08:24:32'),
(59, '3937f04837df2bd2ec0b73540061544c81cc9eeb123afd003ef4c3320ab2b163', 1, '2026-01-30', '2026-01-30 20:56:08', 0, NULL, NULL, NULL, '2026-01-30 12:55:08'),
(60, '02622beff1eeed34eaed33235effefd4cfc5b004508756e30d47cc65641d94cc', 1, '2026-01-30', '2026-01-30 20:56:38', 0, NULL, NULL, NULL, '2026-01-30 12:55:38'),
(61, '975ce52b2ed436f8dcd8311cf56e38362232f53fdcb12cc4b8d4aa1121d9718d', 1, '2026-01-30', '2026-01-30 20:57:08', 0, NULL, NULL, NULL, '2026-01-30 12:56:08'),
(62, 'a1b2390e0f66c6343058707703d9e5de37c40aa4234c2e57f8175b6329d0d7a8', 1, '2026-01-31', '2026-01-31 23:17:58', 0, NULL, NULL, NULL, '2026-01-31 15:16:58'),
(63, '0b9a536e75992863340e4b8807ec669e2e19527bcfb850ea3d15c6dc43228206', 1, '2026-01-31', '2026-01-31 23:19:04', 0, NULL, NULL, NULL, '2026-01-31 15:18:04'),
(64, 'bdebd51d3ea397116f8814c3679dd2001e73e8ef8ff53a8bac2860f6fcbf8427', 1, '2026-01-31', '2026-01-31 23:29:25', 0, NULL, NULL, NULL, '2026-01-31 15:28:25'),
(65, '742d245eda20e10b8147952b0118a5b5040c996b910ffab1c49f93ac593f5a97', 1, '2026-02-01', '2026-02-01 19:19:53', 0, NULL, NULL, NULL, '2026-02-01 11:18:53'),
(66, 'bec7d76b7395d2876a5b6928b9e8236a0de89a46e6e906ce9d473fb80f08270c', 1, '2026-02-01', '2026-02-01 19:20:23', 0, NULL, NULL, NULL, '2026-02-01 11:19:23'),
(67, '91790341241192622f8f15c39196e7d22399b848b2341209374f25e7d5992d5c', 1, '2026-02-01', '2026-02-01 19:21:02', 0, NULL, NULL, NULL, '2026-02-01 11:20:02'),
(68, '8c2d1d33e79024227edf8a28d636f9f0ae6f5f6d83b8820b1f8b877cf8b9fed4', 1, '2026-02-01', '2026-02-01 19:21:40', 0, NULL, NULL, NULL, '2026-02-01 11:20:40'),
(69, '816f6c144a3c9e4374ef987e3c9da65c0b8ef95bcd753beb2757d77ce48f8f49', 1, '2026-02-01', '2026-02-01 19:23:11', 0, NULL, NULL, NULL, '2026-02-01 11:22:11'),
(70, '819a7cab845eead8e41b2150dee078b2d6bbaa631d542c0678afd74d440b6aa9', 1, '2026-02-04', '2026-02-04 14:15:03', 0, NULL, NULL, NULL, '2026-02-04 06:14:03'),
(71, '748f147be320e281135bf35cdd9cb427275e88cf6518ea0edae48a4a531aa61f', 1, '2026-02-04', '2026-02-04 15:21:59', 0, NULL, NULL, NULL, '2026-02-04 07:20:59'),
(72, '017009570cacaf75f706d9543c77a50ba04555d8a0b28a394bd9aa3b1951f0e8', 1, '2026-02-04', '2026-02-04 15:22:29', 0, NULL, NULL, NULL, '2026-02-04 07:21:29'),
(73, 'b42fba7d62ac6b3159749b9087520c764f7cebc519340c76d0f6af24dbd34119', 1, '2026-02-04', '2026-02-04 15:23:00', 0, NULL, NULL, NULL, '2026-02-04 07:22:00'),
(74, '97152635f736519ae8bfcfeb6434c815ae5d09434691a33ea6de58187b272da4', 1, '2026-02-04', '2026-02-04 15:23:59', 0, NULL, NULL, NULL, '2026-02-04 07:22:59'),
(75, 'b2924c2e572ef777b580eea4653cc83441357e83c9d2fe5a9016592577aeb3fc', 1, '2026-02-04', '2026-02-04 15:24:33', 0, NULL, NULL, NULL, '2026-02-04 07:23:33'),
(76, 'b5f61b64f6663edd25bc1ae4fe7fe7de9911f7e4c79e2a4b8377f2e3071ec532', 1, '2026-02-04', '2026-02-04 15:25:06', 0, NULL, NULL, NULL, '2026-02-04 07:24:06'),
(77, '206cfc18f8de5d260a908e171605053d27a30e9a9e06b3893ca177fb9d1b5772', 1, '2026-02-04', '2026-02-04 15:25:41', 0, NULL, NULL, NULL, '2026-02-04 07:24:41'),
(78, '86e0f94e3ff03d99c876c3075f47af34055c89980ae292adcdc8ce41681f80fc', 1, '2026-02-04', '2026-02-04 15:26:14', 0, NULL, NULL, NULL, '2026-02-04 07:25:14'),
(79, '2a0598c299963915c78aa17d669d03e80d84e925af333a4b22cfe0625f648005', 1, '2026-02-04', '2026-02-04 15:26:45', 0, NULL, NULL, NULL, '2026-02-04 07:25:45'),
(80, 'b4451f3bc9517e9aaf3b831bfc7c7022ac1ff7649b987bb93c515c206ca06160', 1, '2026-02-04', '2026-02-04 15:27:17', 0, NULL, NULL, NULL, '2026-02-04 07:26:17'),
(81, '30d239afbfc0000337b82eb1cf0b39b2d8612b7601d3f6e638552867e6c58500', 1, '2026-02-04', '2026-02-04 15:27:48', 0, NULL, NULL, NULL, '2026-02-04 07:26:48'),
(82, '2828407cf3d59a599d50781b945af5a4a96757a79d647490e09efbb520c75b21', 1, '2026-02-04', '2026-02-04 15:28:47', 0, NULL, NULL, NULL, '2026-02-04 07:27:47'),
(83, 'd7fe509f7e86e83bc0b99446e1c45601f08062a261932301811b0ab271f64ffc', 1, '2026-02-04', '2026-02-04 15:29:40', 0, NULL, NULL, NULL, '2026-02-04 07:28:40'),
(84, '3a835e84ccba562c011cdbe33ee6365e2fd17fb608c31eadc8c97a1cdfc8d028', 1, '2026-02-04', '2026-02-04 15:30:14', 0, NULL, NULL, NULL, '2026-02-04 07:29:14'),
(85, 'bba97a252ceee71361e7f459382e6fe4a8a7d3376185d428a51e213364e47141', 1, '2026-02-04', '2026-02-04 15:30:46', 0, NULL, NULL, NULL, '2026-02-04 07:29:46'),
(86, '919f8abd1431bbb98ec232be26254219d128a8f32db98b06213985f628b47bb6', 1, '2026-02-04', '2026-02-04 15:31:45', 0, NULL, NULL, NULL, '2026-02-04 07:30:45'),
(87, '1de8b7573bf0c57b400003b80db08d89ea9e37ff8fa77c0313a3e29a4c14b7af', 1, '2026-02-04', '2026-02-04 15:32:22', 0, NULL, NULL, NULL, '2026-02-04 07:31:22'),
(88, '9086c1429a1bfe4130ed9eb03e73b8a1738892c3c05e64db72e4da4d04a10cad', 1, '2026-02-04', '2026-02-04 15:32:57', 0, NULL, NULL, NULL, '2026-02-04 07:31:57'),
(89, '5b0d683ce9a03fe61e03541326e753fadcccb90ea9e78bf996dbb9875273245b', 1, '2026-02-04', '2026-02-04 15:33:34', 0, NULL, NULL, NULL, '2026-02-04 07:32:34'),
(90, 'de4fb9147c15ae0a3e270492e895caf410696b7074c68799c28b8a35ba34b8c5', 1, '2026-02-04', '2026-02-04 15:34:05', 0, NULL, NULL, NULL, '2026-02-04 07:33:05'),
(91, '478ec3a38f30d10359617ef9286de1b6afdd8f754d2cc0878d936167d10bc3cc', 1, '2026-02-04', '2026-02-04 15:34:37', 0, NULL, NULL, NULL, '2026-02-04 07:33:37'),
(92, 'f959097d73a2824d535771e3c1186e55f7562dc48bde8a8141ad57acab54f17e', 1, '2026-02-04', '2026-02-04 15:35:36', 0, NULL, NULL, NULL, '2026-02-04 07:34:36'),
(93, '2e01c9ab3d5ef8477627b87199aa432b84c03f728ac443ae3fcb2a9be6157106', 1, '2026-02-04', '2026-02-04 15:36:14', 0, NULL, NULL, NULL, '2026-02-04 07:35:14'),
(94, '5325d3adbbc5ec8b8b627e39f61546897eaced8a332c77b955b7d867b1d1e4df', 1, '2026-02-04', '2026-02-04 15:37:13', 0, NULL, NULL, NULL, '2026-02-04 07:36:13'),
(95, '749777a2e319863a94d9d34bb5b920274a78ef1bdcdd2c040a29a1a0d7aff387', 1, '2026-02-04', '2026-02-04 15:37:44', 0, NULL, NULL, NULL, '2026-02-04 07:36:44'),
(96, '68203419a62ff178078b39f55b0d88aea3528a6cf2e9c78fa0868a3f6e00e1e5', 1, '2026-02-04', '2026-02-04 15:38:43', 0, NULL, NULL, NULL, '2026-02-04 07:37:43'),
(97, '8371f14860b5aee7e775cf9c706b22a9eb3962b1b2cc2d6229b8ed0b28d0ba9f', 1, '2026-02-04', '2026-02-04 15:39:16', 0, NULL, NULL, NULL, '2026-02-04 07:38:16'),
(98, '7c219e72c896911db30f7000d70905b156010b45c5f81a1b49c2c3df31fbf4be', 1, '2026-02-04', '2026-02-04 15:39:47', 0, NULL, NULL, NULL, '2026-02-04 07:38:47'),
(99, '6a175d796e74a05504795eff92a81bfa2ff49d4f1936d3e5ce70564338ffd31e', 1, '2026-02-04', '2026-02-04 15:40:46', 0, NULL, NULL, NULL, '2026-02-04 07:39:46'),
(100, 'b7f772fc7170da316a880649360793fba8c9098b37da2191a36520788860b0b0', 1, '2026-02-04', '2026-02-04 15:41:24', 0, NULL, NULL, NULL, '2026-02-04 07:40:24'),
(101, 'b561104dc16b5ad41a217a72473306265a176c8a534578534917d07b121d7e40', 1, '2026-02-04', '2026-02-04 15:42:23', 0, NULL, NULL, NULL, '2026-02-04 07:41:23'),
(102, 'ed7f88b72362417ed72d13431047e1515a8527763484f28283b69af75e40ee34', 1, '2026-02-04', '2026-02-04 15:43:11', 0, NULL, NULL, NULL, '2026-02-04 07:42:11'),
(103, '4e7c19bc1d831428fb4a2ee8c4ff14ff5360e2726e807e217351ef17233fa94d', 1, '2026-02-04', '2026-02-04 15:44:10', 0, NULL, NULL, NULL, '2026-02-04 07:43:10'),
(104, 'eeafab76bd01045c6031861aee4161ea22b4f7f6332887b0570b0623d6cea1e3', 1, '2026-02-04', '2026-02-04 15:45:02', 0, NULL, NULL, NULL, '2026-02-04 07:44:02'),
(105, '074fa3696e02cdecbe1f7c409c4ffcde04de3b10e1297f2f36d79fd3ef9023df', 1, '2026-02-04', '2026-02-04 15:45:36', 0, NULL, NULL, NULL, '2026-02-04 07:44:36'),
(106, '91554173c19d503c3d6a514fa17e1f502ae2f09f891505f37f5c2010d55c40e8', 1, '2026-02-04', '2026-02-04 15:46:31', 0, NULL, NULL, NULL, '2026-02-04 07:45:31'),
(107, 'a8acdb8a84521b2e83b905fa4448d5f255527d6952656996d635d7feb52da3b5', 1, '2026-02-04', '2026-02-04 15:47:30', 0, NULL, NULL, NULL, '2026-02-04 07:46:30'),
(108, '4da78fd7cf879663abff436ff978ac7f946f3993e2a5b41b5edda565e338b5cc', 1, '2026-02-04', '2026-02-04 15:48:29', 0, NULL, NULL, NULL, '2026-02-04 07:47:29'),
(109, '40a9f9a0cd366cdf1038c929dae65408237521f5345d18808cbcfebca98dee88', 1, '2026-02-04', '2026-02-04 15:49:03', 0, NULL, NULL, NULL, '2026-02-04 07:48:03'),
(110, '77eba96660cf9eed117cf01feadc78988ef1c0a179ec65c989912ff07e0c15a3', 1, '2026-02-04', '2026-02-04 15:49:40', 0, NULL, NULL, NULL, '2026-02-04 07:48:40'),
(111, 'e2f84498ba2208066b82863bf22d69a800a9b7b2cb5343287b8a529b2f278269', 1, '2026-02-04', '2026-02-04 15:50:21', 0, NULL, NULL, NULL, '2026-02-04 07:49:21'),
(112, '078c800b99d70e5d6b81bf037c81813dc8b524df02816832661d5a1353ad33c7', 1, '2026-02-04', '2026-02-04 15:51:20', 0, NULL, NULL, NULL, '2026-02-04 07:50:20'),
(113, '1c5396ea89c12aa916d8ed200f3d21089ae6370078e5747311234f7ba492e48a', 1, '2026-02-04', '2026-02-04 15:51:54', 0, NULL, NULL, NULL, '2026-02-04 07:50:54'),
(114, '3351c09a63b8123bffd1f0aa25b5f24a95bc7f3adf25d5e3e28537e9d62acf52', 1, '2026-02-04', '2026-02-04 22:01:59', 0, NULL, NULL, NULL, '2026-02-04 14:00:59'),
(115, 'ae753ef6d78853e96733c7cd8ba873b187bf712a22512c24f3beacd69f92a6bb', 1, '2026-02-04', '2026-02-04 23:27:20', 0, NULL, NULL, NULL, '2026-02-04 15:26:20'),
(116, 'e3608876567ea6ff39833ff21c80cda1f117a2c7c5f166126e50b24401b2650e', 1, '2026-02-04', '2026-02-04 23:27:50', 0, NULL, NULL, NULL, '2026-02-04 15:26:50'),
(117, 'aace5ca4987b70389cc711020e60ce2224969673e5c5e252e2d3cdab9616dc9a', 1, '2026-02-04', '2026-02-04 23:28:20', 0, NULL, NULL, NULL, '2026-02-04 15:27:20'),
(118, 'b766f934077a71ac36b434f5af2661991d361b0049e617aef36c03804c57e7cd', 1, '2026-02-04', '2026-02-04 23:29:09', 1, 6, '2026-02-04 23:28:17', NULL, '2026-02-04 15:28:09'),
(119, '7f5864c598be3a619ecce4e8e22c35d672d9bb7dc0a8b43434513d0062c28c0f', 1, '2026-02-04', '2026-02-04 23:29:39', 0, NULL, NULL, NULL, '2026-02-04 15:28:39'),
(120, 'e6e573afbb59b9b1db4d58a9c01600d6dcc515ccc0e9096f1a20c743a3b7c711', 1, '2026-02-05', '2026-02-05 10:15:59', 0, NULL, NULL, NULL, '2026-02-05 02:14:59'),
(121, 'dd0987772442aaa500a1c450219aea11c640c4a007cf5d514ac4d357fa64d725', 1, '2026-02-05', '2026-02-05 10:16:59', 0, NULL, NULL, NULL, '2026-02-05 02:15:59'),
(122, '8a4023c137201845f5cd624b2425f596c544cd4bf53d2027e0031b36b0cbfe53', 1, '2026-02-05', '2026-02-05 10:28:36', 0, NULL, NULL, NULL, '2026-02-05 02:27:36'),
(123, '91941d78c1b16acd308467f14b5bd1ef0ee8a53527252c13efa1b93601561462', 1, '2026-02-05', '2026-02-05 10:39:47', 0, NULL, NULL, NULL, '2026-02-05 02:38:47'),
(124, '991e02f6383030195af87fb6df93837d2ca2f1d5736f8106c39541b2cf89c1c5', 1, '2026-02-05', '2026-02-05 10:41:39', 0, NULL, NULL, NULL, '2026-02-05 02:40:39'),
(125, '8d6b07ea2f8a966df87b448dbc11b7eb351790be9059ee6a404924fe54db788f', 1, '2026-02-05', '2026-02-05 10:53:26', 0, NULL, NULL, NULL, '2026-02-05 02:52:26'),
(126, 'c2c7433db018d88bdfe01854ae2053c8930b54d4ef302356986d6500d2b0159c', 1, '2026-02-05', '2026-02-05 11:08:29', 0, NULL, NULL, NULL, '2026-02-05 03:07:29'),
(127, '2da8bff193b218ee1f5e15d7cf65827c68d81994b30e4d099cdf216cf0c6bc23', 1, '2026-02-05', '2026-02-05 11:09:00', 0, NULL, NULL, NULL, '2026-02-05 03:08:00'),
(128, '1c0abdefa0b0fc2bf1b34b327a5264caef7d1e5d793cffce1ede3bbf05e5e5ca', 1, '2026-02-05', '2026-02-05 11:09:31', 0, NULL, NULL, NULL, '2026-02-05 03:08:31'),
(129, '46ae4ed4db10e0526132919eeb9edae539cabd3e11112590953e8465dc96c606', 1, '2026-02-05', '2026-02-05 11:10:02', 0, NULL, NULL, NULL, '2026-02-05 03:09:02'),
(130, '7b5435692ef9e2b286c9acbb440f72df0bd4180b647c8defe51b9830e30bc90b', 1, '2026-02-05', '2026-02-05 11:10:33', 0, NULL, NULL, NULL, '2026-02-05 03:09:33'),
(131, 'bb3021ef608208f059fad0bcfe1a172d4dc86012a423eb58d4f7316ae3a673fa', 1, '2026-02-05', '2026-02-05 11:11:05', 0, NULL, NULL, NULL, '2026-02-05 03:10:05'),
(132, '87433280568f91a12f246ccc01758b410b3d31767b195b3e4e2d9af3daa41e00', 1, '2026-02-05', '2026-02-05 11:11:36', 0, NULL, NULL, NULL, '2026-02-05 03:10:36'),
(133, 'ed23d4ab8e45df9d23da9ab73af8b6899bd155fbc1305d54cea77b81e28001e0', 1, '2026-02-05', '2026-02-05 11:12:09', 0, NULL, NULL, NULL, '2026-02-05 03:11:09'),
(134, 'a184a394a0aaee392e8c53f802ee281c2fd5ef6f7801697bcc907244d0462404', 1, '2026-02-05', '2026-02-05 11:12:40', 0, NULL, NULL, NULL, '2026-02-05 03:11:40'),
(135, '19a758d828d1468489ca3d3fdd03e7c59fe7f332f8c4b4e7fa1dd75e8120f102', 1, '2026-02-05', '2026-02-05 11:13:10', 0, NULL, NULL, NULL, '2026-02-05 03:12:10'),
(136, 'c89efc6d03e1dd720b4f056351f4cb06603270593b6dead108961cf915570427', 1, '2026-02-05', '2026-02-05 11:13:42', 0, NULL, NULL, NULL, '2026-02-05 03:12:42'),
(137, '3893d25b8a07c9dca4f1008a818197c7be056e1274129ce6f3bfa2a71e005940', 1, '2026-02-05', '2026-02-05 11:13:45', 0, NULL, NULL, NULL, '2026-02-05 03:12:45'),
(138, 'd0c5e1549dc1669358240963aacde518d943b828d0253b47cc9e2a00a1146d6a', 1, '2026-02-05', '2026-02-05 11:31:06', 0, NULL, NULL, NULL, '2026-02-05 03:30:06'),
(139, 'ff3b991451f1ba1ec613b23a72d34b257b5ffcb79119a6fc2f45abf8056893d8', 1, '2026-02-05', '2026-02-05 11:31:37', 0, NULL, NULL, NULL, '2026-02-05 03:30:37'),
(140, '8f1b7b3074c7feb9ada2e54514b945cd39066879161f72bf58c2a8d2d8e09c5d', 1, '2026-02-05', '2026-02-05 11:31:51', 0, NULL, NULL, NULL, '2026-02-05 03:30:51'),
(141, 'f7b15c38452150a0a0d4bf7510449b9d44f0b548046ef42604715ba4c7a76a8d', 1, '2026-02-05', '2026-02-05 11:32:07', 0, NULL, NULL, NULL, '2026-02-05 03:31:07'),
(142, '134bc92a6d34596cc5ff55e95f46616b9af55e7facb7b161ee01253cf7fa48f1', 1, '2026-02-05', '2026-02-05 11:32:29', 0, NULL, NULL, NULL, '2026-02-05 03:31:29'),
(143, '5497c98c401fe59217b5f2424086b7585fffc3d1dcf865f34aa0f2c5093b745c', 1, '2026-02-05', '2026-02-05 11:53:35', 0, NULL, NULL, NULL, '2026-02-05 03:52:35'),
(144, 'a473a0dde492c45c021f25db13750779d0c87c18e161a66fe129a3c76d770293', 1, '2026-02-05', '2026-02-05 11:58:43', 0, NULL, NULL, NULL, '2026-02-05 03:57:43'),
(145, 'cc5ee9287f074ba8d4aa374680c2499758afb95662ee0bd0efb1f91e1a0778ea', 1, '2026-02-05', '2026-02-05 12:01:29', 0, NULL, NULL, NULL, '2026-02-05 04:00:29'),
(146, '58c8efeebae30264dc5ebf7a0ea275fc136302a3e5fd1db13412a51a850ca00b', 1, '2026-02-05', '2026-02-05 12:07:53', 0, NULL, NULL, NULL, '2026-02-05 04:06:53'),
(147, 'cb9a81dda24d00bdddcda6ef9d175714e031aa1a936a40dfa0786489cfa74ddf', 1, '2026-02-05', '2026-02-05 12:41:16', 0, NULL, NULL, NULL, '2026-02-05 04:40:16'),
(148, 'aed6c04a0cc9397e983bbec6661f8a2f47f195b3483db33e33c14f4726f7abce', 1, '2026-02-05', '2026-02-05 12:41:50', 0, NULL, NULL, NULL, '2026-02-05 04:40:50'),
(149, 'fb8801a95da432b9c57fe612251375425c0bfcf0daf0fd70a556c8b0ce7979ab', 1, '2026-02-05', '2026-02-05 12:46:30', 0, NULL, NULL, NULL, '2026-02-05 04:45:30'),
(150, '315080c7e907a63aa353ac70ce3667265edf8a20e44a0469db67f33d6609538c', 1, '2026-02-05', '2026-02-05 12:54:16', 0, NULL, NULL, NULL, '2026-02-05 04:53:16'),
(151, 'a9fc409b933d3b601b7bb11efd973f85aed3be599b43b0933262f3ee05f12df6', 1, '2026-02-05', '2026-02-05 12:54:46', 0, NULL, NULL, NULL, '2026-02-05 04:53:46'),
(152, '88ac24e07f555f069da497c70a9041b5e47bb7bb1946dbbf6fe6a70e765fb63d', 1, '2026-02-05', '2026-02-05 12:55:18', 0, NULL, NULL, NULL, '2026-02-05 04:54:18'),
(153, 'fe411c1bce927ee0d7259fdfd58502d5ddedeb9535a002114eaa501d43e8d88a', 1, '2026-02-05', '2026-02-05 12:55:22', 0, NULL, NULL, NULL, '2026-02-05 04:54:22'),
(154, 'dfa147820a19a8673d9353d1d64cccd184596556f173544e43b19e247c5bb3a8', 1, '2026-02-05', '2026-02-05 13:10:30', 0, NULL, NULL, NULL, '2026-02-05 05:09:30'),
(155, '02c5d31f0ce24b30798b210209113b655c136b6c68918fe84efdc86284206285', 1, '2026-02-05', '2026-02-05 14:40:36', 0, NULL, NULL, NULL, '2026-02-05 06:39:36'),
(156, 'f772565d93498ec3a2001cf05c493b5c7a1059d4e3fd0c48a200287d1360ddb2', 1, '2026-02-05', '2026-02-05 14:41:06', 0, NULL, NULL, NULL, '2026-02-05 06:40:06'),
(157, '9501caa760e03106907e7f7037b2b5085929d5dc9e30cb9759b91e414bc4ab06', 1, '2026-02-05', '2026-02-05 14:41:36', 0, NULL, NULL, NULL, '2026-02-05 06:40:36'),
(158, 'a5770a0f1aecf0739d10da3d4983ff3fa5bc5aef769e4bbc8daad959fb90660f', 1, '2026-02-05', '2026-02-05 14:42:07', 0, NULL, NULL, NULL, '2026-02-05 06:41:07'),
(159, '7e006ad38052fa486fd330e87e854520ee4a64ee2e6164117b961748bec07d89', 1, '2026-02-05', '2026-02-05 14:43:27', 0, NULL, NULL, NULL, '2026-02-05 06:42:27'),
(160, '6213e1ba6f995b72f2804ca5bfec8498b6459eab816bf8b755c92e62548dea7b', 1, '2026-02-05', '2026-02-05 14:43:58', 0, NULL, NULL, NULL, '2026-02-05 06:42:58'),
(161, 'a2adc341b07d1d782bb29c6c3f5e5b82a9110ccf31e0cd381b44d162291caa04', 1, '2026-02-05', '2026-02-05 14:44:28', 0, NULL, NULL, NULL, '2026-02-05 06:43:28'),
(162, '214d02049f4dd50ae29f320f37ba817e6a6daa6898fcb23aa2509fabfb7bc20d', 1, '2026-02-05', '2026-02-05 14:46:07', 0, NULL, NULL, NULL, '2026-02-05 06:45:07'),
(163, '9948201ad72cdfd773a16d7a848f5c834e3bccafab517e61fe76b65e0f2b3f28', 1, '2026-02-05', '2026-02-05 14:46:23', 0, NULL, NULL, NULL, '2026-02-05 06:45:23'),
(164, '16e4119edb56dbc15f77ecd2fd0809a17e8dfa440d2b01b000c496360e44b02f', 1, '2026-02-05', '2026-02-05 14:47:02', 0, NULL, NULL, NULL, '2026-02-05 06:46:02'),
(165, 'aa5ffef9a881bad0086d483fe2ff422a898190574c2bd169c8603cc5bd1f89e1', 1, '2026-02-05', '2026-02-05 14:47:33', 0, NULL, NULL, NULL, '2026-02-05 06:46:33'),
(166, 'a2849859660d919d4af1ab5d2013f4aef257cc0166853411011c3544fc2cb85c', 1, '2026-02-05', '2026-02-05 14:50:12', 0, NULL, NULL, '172.20.10.6', '2026-02-05 06:49:12'),
(167, '836770a35c053021d4bc4f30aa163f0e06517a21d30a21d8dc13a038cd5a2921', 1, '2026-02-05', '2026-02-05 14:50:45', 0, NULL, NULL, '172.20.10.6', '2026-02-05 06:49:45'),
(168, 'cf99dfc967b5bd09fb46031065d2ce3f7107f7c90b0502be46dee60488b936f1', 1, '2026-02-05', '2026-02-05 14:51:15', 0, NULL, NULL, '172.20.10.6', '2026-02-05 06:50:15'),
(169, '2710db3dcf1c540d42bb7eb5a30a35cfc819dc00003d38d96bb15c644ca0a542', 1, '2026-02-05', '2026-02-05 14:51:47', 0, NULL, NULL, '172.20.10.6', '2026-02-05 06:50:47'),
(170, '732302bd907cbce65fe56db22c44d9fc014c02d18007616c860019fa6c21e457', 1, '2026-02-05', '2026-02-05 14:53:23', 0, NULL, NULL, '172.20.10.6', '2026-02-05 06:52:23'),
(171, 'aba68cc185e816eee16216f504024f3649a0b89e440bc3890aeb15bb55e7a6f8', 1, '2026-02-05', '2026-02-05 14:53:53', 0, NULL, NULL, '172.20.10.6', '2026-02-05 06:52:53'),
(172, 'ba17f6a92cf5b76eae12d08157764454af7dd459f42bb6fbf7a8ecbc40ab827a', 1, '2026-02-05', '2026-02-05 14:54:42', 0, NULL, NULL, '172.20.10.6', '2026-02-05 06:53:42'),
(173, 'd3fe8200f302e831697a693ac1c0ef26b956f78f608c4e261bddabb8a69d38a0', 1, '2026-02-05', '2026-02-05 14:57:39', 0, NULL, NULL, '172.20.10.6', '2026-02-05 06:56:39'),
(174, '0a0d222adcb30ea62d5dc70c7daa610906628d2958ffb669b1d990264a9d8427', 1, '2026-02-05', '2026-02-05 14:58:09', 0, NULL, NULL, '172.20.10.6', '2026-02-05 06:57:09'),
(175, 'c5ce43472abc8ff8bcbb838f24579972b4f30229d39560a5f0b241673be26193', 1, '2026-02-05', '2026-02-05 14:58:39', 0, NULL, NULL, '172.20.10.6', '2026-02-05 06:57:39'),
(176, '8e6214be6d5f11825000a888f83f8c09b75377a6bea2c8b103cec7a63946f1b8', 1, '2026-02-05', '2026-02-05 14:59:07', 0, NULL, NULL, '172.20.10.6', '2026-02-05 06:58:07'),
(177, 'a32a608dce119b1a4988261d22973621ad01bf58f7c1d0fb2535ea538e39cda7', 1, '2026-02-05', '2026-02-05 14:59:37', 0, NULL, NULL, '172.20.10.6', '2026-02-05 06:58:37'),
(178, 'fbeb6a3312e34d7a6168a4e506b8af900d58eeb9dbc0ba499d214e9032c9ae72', 1, '2026-02-05', '2026-02-05 15:00:07', 0, NULL, NULL, '172.20.10.6', '2026-02-05 06:59:07'),
(179, '216d72f1c2159559ad28574cf512c09e4ff20ab87a0602e66626db310b29ae70', 1, '2026-02-05', '2026-02-05 15:01:33', 0, NULL, NULL, '172.20.10.6', '2026-02-05 07:00:33'),
(180, 'c864ddf4b511053e7e28185ce7801664f363fc4800dd63de3623ed56f6880fc9', 1, '2026-02-05', '2026-02-05 15:02:03', 0, NULL, NULL, '172.20.10.6', '2026-02-05 07:01:03'),
(181, 'cc14f812f77c70f7f1178ad7fa63cdc953a4d6888e8417bd048d8d602a9bb613', 1, '2026-02-05', '2026-02-05 15:02:33', 0, NULL, NULL, '172.20.10.6', '2026-02-05 07:01:33'),
(182, 'c038661775cab2f6898e08288b3932135c56e2e689912fe1530699bc1808e91f', 1, '2026-02-05', '2026-02-05 15:03:05', 0, NULL, NULL, '172.20.10.6', '2026-02-05 07:02:05'),
(183, 'd9b00fab49887c62dd203d8be0fa06dc737b4cc2a2d679e1ffc0ddcfcd0880fc', 1, '2026-02-05', '2026-02-05 15:05:33', 1, 1, '2026-02-05 15:04:42', '172.20.10.6', '2026-02-05 07:04:33'),
(184, '77839a5dc1f45c066535f594c8c28db22fd9eb5fdce2d0892b52d30c5efec32a', 1, '2026-02-05', '2026-02-05 15:06:03', 0, NULL, NULL, '172.20.10.6', '2026-02-05 07:05:03'),
(185, '63ec7a4408c6164f24bbb6345bb9af16a5fce9b102b3f622272cba2b17feef63', 1, '2026-02-05', '2026-02-05 15:06:35', 0, NULL, NULL, '172.20.10.6', '2026-02-05 07:05:35'),
(186, '38bbbf2e044e021559b831185c946971c63bb94f717874b48b3bb391f0c97b16', 1, '2026-02-05', '2026-02-05 15:07:45', 0, NULL, NULL, '172.20.10.6', '2026-02-05 07:06:45'),
(187, '6c6fd89196b3c50ccd7b5edc223e822bbd8047dea41122d787cbdde4ef225c6e', 1, '2026-02-05', '2026-02-05 15:08:15', 0, NULL, NULL, '172.20.10.6', '2026-02-05 07:07:15'),
(188, '27b658cdd7d03946d6f80fe98bde39f9fb68b73223c5361ea3bd975c3a7321bc', 1, '2026-02-05', '2026-02-05 15:08:45', 0, NULL, NULL, '172.20.10.6', '2026-02-05 07:07:45'),
(189, '4eaf199dabb93608c88abef4578b67aa5b8883579da286cc2f59477c323c656c', 1, '2026-02-05', '2026-02-05 15:09:16', 0, NULL, NULL, '172.20.10.6', '2026-02-05 07:08:16'),
(190, 'd88346ac4b2104cf74b1729b193b63ec3bd4b21a9c489d8b41a363c07c5f7779', 1, '2026-02-05', '2026-02-05 15:09:49', 0, NULL, NULL, '172.20.10.6', '2026-02-05 07:08:49'),
(191, 'ed3547e91e740ed01330976b523c634f388e8c6deba4d649bd52b3e0239eb34a', 1, '2026-02-05', '2026-02-05 15:10:20', 0, NULL, NULL, '172.20.10.6', '2026-02-05 07:09:20'),
(192, '5b8b5a5b2d2e4bfc6d8b994e14d29806f567200d311eb5ac87306359fa739565', 1, '2026-02-05', '2026-02-05 15:10:50', 0, NULL, NULL, '172.20.10.6', '2026-02-05 07:09:50'),
(193, '2f5444265df0a7609db05ec2da2bf3d405c5d6a5392510085c28c8d781780202', 1, '2026-02-05', '2026-02-05 15:12:34', 0, NULL, NULL, '172.20.10.6', '2026-02-05 07:11:34'),
(194, '40bb4c088629456792afba6937095cbee94f6367e00d2858514e4d3ed44f92aa', 1, '2026-02-05', '2026-02-05 15:12:46', 0, NULL, NULL, '172.20.10.6', '2026-02-05 07:11:46'),
(195, '13b5c3f1d8ef85c6d5dcf5f4a8d1c03b51aebd0122932b434e8b24a573f21257', 1, '2026-02-05', '2026-02-05 15:13:16', 0, NULL, NULL, '172.20.10.6', '2026-02-05 07:12:16'),
(196, '57d6ff410a962fbf225ffb743bdaf1b6e22e17b05619ca0535a852ffe5a0a1d9', 1, '2026-02-05', '2026-02-05 15:13:51', 0, NULL, NULL, '172.20.10.6', '2026-02-05 07:12:51'),
(197, 'e11e51dbfe89efedff4b5d74e928c27ef7b00bec2255b3b9edaea0ec0579a345', 1, '2026-02-05', '2026-02-05 15:15:47', 0, NULL, NULL, '172.20.10.6', '2026-02-05 07:14:47'),
(198, '6341ff3d96925aa31c9413a68f163f17f52478ecd86d2304aa98bb1ab65434d0', 1, '2026-02-05', '2026-02-05 15:16:18', 0, NULL, NULL, '172.20.10.6', '2026-02-05 07:15:18'),
(199, '4741d1aa2f51320d5903a453cebbfaf93ec3e4f46a776397ed71663d4c2e935e', 1, '2026-02-05', '2026-02-05 15:16:49', 0, NULL, NULL, '172.20.10.6', '2026-02-05 07:15:49'),
(200, '05cd7cce14a7c4667d219a8afeeb61a8f60763dfde3790c63517cfd9dbe8d2d9', 1, '2026-02-05', '2026-02-05 15:19:50', 0, NULL, NULL, '172.20.10.6', '2026-02-05 07:18:50'),
(201, 'f45fd984fb7f2789a4ceddf4129db6dc4fb40dd6cf230173d91b58f2827fbe3c', 1, '2026-02-05', '2026-02-05 15:20:20', 0, NULL, NULL, '172.20.10.6', '2026-02-05 07:19:20'),
(202, '2a2a6f9bebeb758bdaa82aa24d525877d9078065bf01f9f38143fdf2e9266b43', 1, '2026-02-05', '2026-02-05 15:20:50', 0, NULL, NULL, '172.20.10.6', '2026-02-05 07:19:50'),
(203, 'c2c7edc92b64464fa14af53f26a9428cb1253a7302c760b7fc7c5594780f277b', 1, '2026-02-05', '2026-02-05 15:21:27', 0, NULL, NULL, '172.20.10.6', '2026-02-05 07:20:27'),
(204, '020f92bc17788f61beed79161b3bb24f4989bf1dcb99d01aa9c9e3ca064f6da0', 1, '2026-02-05', '2026-02-05 15:22:35', 0, NULL, NULL, '172.20.10.6', '2026-02-05 07:21:35'),
(205, 'cae38f812dbbf7868ed64f0198337e3ed107e6c060433d07da5b33f3d0f396ba', 1, '2026-02-05', '2026-02-05 15:23:05', 0, NULL, NULL, '172.20.10.6', '2026-02-05 07:22:05'),
(206, 'ba97cf0057e3a37cd880e1d7d0c1291ccb86b8e78eb98860eea48ed8d50b0df8', 1, '2026-02-05', '2026-02-05 15:23:37', 0, NULL, NULL, '172.20.10.6', '2026-02-05 07:22:37'),
(207, '8c2b9a653dea057836a859c7d0a2fb5bf205fcc2df5208d7863f621cc18f703d', 1, '2026-02-05', '2026-02-05 15:25:31', 0, NULL, NULL, '172.20.10.6', '2026-02-05 07:24:31'),
(208, 'e36ad50952cdae0863e93f09e221751f9294fab9253c3abcb878aafa0ff7e091', 1, '2026-02-05', '2026-02-05 15:26:01', 0, NULL, NULL, '172.20.10.6', '2026-02-05 07:25:01'),
(209, '5b65b777a16c06052b3cffbcd5c61b987433131f4fb731e74eeebdd43ca03684', 1, '2026-02-05', '2026-02-05 15:26:31', 0, NULL, NULL, '172.20.10.6', '2026-02-05 07:25:31'),
(210, 'b471e4d64770dded052beeb3a2f9fc6ee83738227675a95c884c159001d0c684', 1, '2026-02-05', '2026-02-05 15:27:03', 0, NULL, NULL, '172.20.10.6', '2026-02-05 07:26:03'),
(211, '6da42019de4edc3877a8fffcecfaa3529f67ad583ba41ad2ebd16312b7bd73a2', 1, '2026-02-05', '2026-02-05 15:28:20', 0, NULL, NULL, '172.20.10.6', '2026-02-05 07:27:20'),
(212, 'bb0edb8651d5f16819396e3b97ff1dee3a687109f33d2abf47d57c5b2b9e4b96', 1, '2026-02-05', '2026-02-05 15:28:50', 0, NULL, NULL, '172.20.10.6', '2026-02-05 07:27:50'),
(213, '185a4d47176a473ad620179c86bd4bef200122d7144dfd2193487df6e83c2adf', 1, '2026-02-05', '2026-02-05 15:29:20', 0, NULL, NULL, '172.20.10.6', '2026-02-05 07:28:20'),
(214, '4cd3e68c5b897f7bde2c7a9bf17283c3dfc9a9e820eca7c06defeec3b46372cb', 1, '2026-02-05', '2026-02-05 15:29:52', 0, NULL, NULL, '172.20.10.6', '2026-02-05 07:28:52'),
(215, 'bf8355bb50da82bf94e6d338fae0aca03747759340a565bc816860f8e70e113e', 1, '2026-02-05', '2026-02-05 15:32:05', 0, NULL, NULL, '172.20.10.6', '2026-02-05 07:31:05'),
(216, '38a14e6d4b64251af4d6a2699ddcbe45dc4d443d608234aec2176a733432b2fe', 1, '2026-02-05', '2026-02-05 15:32:35', 0, NULL, NULL, '172.20.10.6', '2026-02-05 07:31:35'),
(217, '63a8a03a63f88549d88334008a9799b2529358cf3ed42afa793caf4c0e8a0789', 1, '2026-02-05', '2026-02-05 15:33:05', 0, NULL, NULL, '172.20.10.6', '2026-02-05 07:32:05'),
(218, '88a4647ec4987d277b4c30c0f0b9f5a29e8b746118de12059d7275b95f42089f', 1, '2026-02-05', '2026-02-05 15:33:35', 0, NULL, NULL, '172.20.10.6', '2026-02-05 07:32:35'),
(219, '5584e8915dff66db2cf2b24e22c812d8454d2acfb1c6e6a52a08da6e0abf9280', 1, '2026-02-05', '2026-02-05 15:34:07', 0, NULL, NULL, '172.20.10.6', '2026-02-05 07:33:07'),
(220, 'c5639a5ba93072ef50af3597d85f370989c73ea346dc39f1d1ad4df5dac9bcf8', 1, '2026-02-05', '2026-02-05 15:37:35', 0, NULL, NULL, '172.20.10.6', '2026-02-05 07:36:35'),
(221, '7377e4c9e6eedad1bccd25beb405b510a2f0757a814471f41034b4416773bc65', 1, '2026-02-05', '2026-02-05 15:38:05', 0, NULL, NULL, '172.20.10.6', '2026-02-05 07:37:05'),
(222, '55be4316ba52501c42b323e3af76f2d32df0bef67375c6eb15ba143ce6d942cc', 1, '2026-02-05', '2026-02-05 15:39:21', 0, NULL, NULL, '172.20.10.6', '2026-02-05 07:38:21'),
(223, 'daaa26755cf69ebcda6ec7b288fcae97522da87eda740f3b69130d0770681594', 1, '2026-02-05', '2026-02-05 15:39:51', 0, NULL, NULL, '172.20.10.6', '2026-02-05 07:38:51'),
(224, '25d1f3fe934cb3d079eb98150a058cabab4ca781a6495b500a12405a88e76a73', 1, '2026-02-05', '2026-02-05 15:40:24', 0, NULL, NULL, '172.20.10.6', '2026-02-05 07:39:24'),
(225, '2d2e98186d2a9fd61770599e140e29511a346ce4c1918925a4b3972abd4e0641', 1, '2026-02-05', '2026-02-05 15:42:15', 0, NULL, NULL, '172.20.10.6', '2026-02-05 07:41:15'),
(226, '8b4a78460ea5ba714777c8e6085a4a2420657125bdfd516dce4edaedf05463bf', 1, '2026-02-05', '2026-02-05 15:42:46', 0, NULL, NULL, '172.20.10.6', '2026-02-05 07:41:46'),
(227, 'f7b1b62ef6fb023a7a9b6b5758b5dae09f5fa88a5461014167bf53f504fb13ec', 1, '2026-02-05', '2026-02-05 15:43:17', 0, NULL, NULL, '172.20.10.6', '2026-02-05 07:42:18'),
(228, '093daa0bc7a10d7df911d3ffd787d4410961a8c9a966ffa3058d3ee86bc439bf', 1, '2026-02-05', '2026-02-05 15:45:28', 0, NULL, NULL, '172.20.10.6', '2026-02-05 07:44:28'),
(229, '737ab6658ed1eb03b652f3eb36de8c5fb3e4bb9897c465aef3f30357c829fbe7', 1, '2026-02-05', '2026-02-05 15:45:58', 0, NULL, NULL, '172.20.10.6', '2026-02-05 07:44:58'),
(230, '3a693c1971350b904369dcb4821349d26f3e0bc0bb4261144c2a0145705badd5', 1, '2026-02-05', '2026-02-05 15:46:28', 0, NULL, NULL, '172.20.10.6', '2026-02-05 07:45:28'),
(231, 'f8cb2d0054e18a897f2a5b853cca30be8859ee92fe7b28e2466e2d7221ebc252', 1, '2026-02-05', '2026-02-05 15:46:58', 0, NULL, NULL, '172.20.10.6', '2026-02-05 07:45:58'),
(232, 'dbf751035a9b198ad32510aa1c81f46f05320425b802eb7571044ec6cd4f8fd0', 1, '2026-02-05', '2026-02-05 15:47:29', 0, NULL, NULL, '172.20.10.6', '2026-02-05 07:46:29'),
(233, 'ec1dba475ca4ee03eb57f62b68424cfd94305730901f0af175c906566d30aaa6', 1, '2026-02-05', '2026-02-05 15:51:54', 0, NULL, NULL, '172.20.10.6', '2026-02-05 07:50:54'),
(234, 'd200ec8656b5f9b29b809ab74262d41c68f55463a15259c3e498910af154f424', 1, '2026-02-05', '2026-02-05 15:52:24', 0, NULL, NULL, '172.20.10.6', '2026-02-05 07:51:24'),
(235, 'fe594c79cdea1cb63caaddb47d3e3e1e5b48c26fe5fb242097d74e0ec77c7a0a', 1, '2026-02-05', '2026-02-05 15:52:54', 0, NULL, NULL, '172.20.10.6', '2026-02-05 07:51:54'),
(236, '2b778b7c556af90332219ffdf5b4d33cee4564daa8a254be3fecbc140174a162', 1, '2026-02-05', '2026-02-05 15:53:25', 0, NULL, NULL, '172.20.10.6', '2026-02-05 07:52:25'),
(237, 'e66559ab96bc5c7452180a089c53caeb637d634606853caf0e4c7f650dd5a193', 1, '2026-02-05', '2026-02-05 15:55:52', 0, NULL, NULL, '172.20.10.6', '2026-02-05 07:54:52'),
(238, '89c03b085d4675cd532c3f6a9136c2ad52753fab640c6e189dcfd127d710f279', 1, '2026-02-05', '2026-02-05 15:56:22', 0, NULL, NULL, '172.20.10.6', '2026-02-05 07:55:22'),
(239, 'e21db19228069c9e2cd3837e454429260cbf37b0d3b66ed0241f14fffb298958', 1, '2026-02-05', '2026-02-05 15:56:53', 0, NULL, NULL, '172.20.10.6', '2026-02-05 07:55:53'),
(240, 'a3927b81a30d5b5b7c34cd35ccdcaf0854de6c9cb8833a8380dd81c488bc2d2e', 1, '2026-02-05', '2026-02-05 15:57:56', 0, NULL, NULL, '172.20.10.6', '2026-02-05 07:56:56'),
(241, '62eb9c42e08592d52e1366157f434aff99787a1b73d882d4f617eb30fc23f545', 1, '2026-02-05', '2026-02-05 15:58:26', 0, NULL, NULL, '172.20.10.6', '2026-02-05 07:57:26'),
(242, '44df9a32966dbb378af3c640409f97437e93353a5d51d3ff70ca30e6f232b22b', 1, '2026-02-05', '2026-02-05 15:58:57', 0, NULL, NULL, '172.20.10.6', '2026-02-05 07:57:57'),
(243, '652d17752dbf8f50c7229bfb4a1bde7092f626e49f41f967b7f74ca45aa83263', 1, '2026-02-05', '2026-02-05 16:00:00', 0, NULL, NULL, '172.20.10.6', '2026-02-05 07:59:00'),
(244, 'd333f92d42cc875cce945a472c13bc38d5172049f2f3d61b4ab4f06cb0769ded', 1, '2026-02-05', '2026-02-05 16:00:30', 0, NULL, NULL, '172.20.10.6', '2026-02-05 07:59:30'),
(245, 'f1c4babd4a3ecab22838cbd620e172186ee24162b2a09bf7ba22a6018b23c9d9', 1, '2026-02-05', '2026-02-05 16:01:00', 0, NULL, NULL, '172.20.10.6', '2026-02-05 08:00:00'),
(246, '29943bf208c400bbe6cb5508ff6b509334217c4d5faa6ef34c4876fe533b3102', 1, '2026-02-05', '2026-02-05 16:01:30', 0, NULL, NULL, '172.20.10.6', '2026-02-05 08:00:30'),
(247, 'bef07e853d55a8a717b45827479a66d5293ae397f660396cd4c47dbb7919d51b', 1, '2026-02-05', '2026-02-05 16:02:00', 0, NULL, NULL, '172.20.10.6', '2026-02-05 08:01:00'),
(248, '080614727993c14e12eb5d5b32a75a6af2daebcc401fe92f0cea238ecc1aee7e', 1, '2026-02-05', '2026-02-05 16:02:31', 0, NULL, NULL, '172.20.10.6', '2026-02-05 08:01:31'),
(249, 'dacfabf794540335a17766ba30ec1f517407a0321482393fe890292af42c54a8', 1, '2026-02-05', '2026-02-05 16:03:45', 0, NULL, NULL, '172.20.10.6', '2026-02-05 08:02:45'),
(250, '0cb39ebb9310d378a2f197a8a9b9fd66a3ae5754de57f31fe00e6cedf778ebc5', 1, '2026-02-05', '2026-02-05 16:04:06', 0, NULL, NULL, '172.20.10.6', '2026-02-05 08:03:06'),
(251, '1e4fce76041b4a09b560d3823877f6bc3c744c30aa3a94637e555777d3e6a5b2', 1, '2026-02-05', '2026-02-05 16:04:36', 0, NULL, NULL, '172.20.10.6', '2026-02-05 08:03:36'),
(252, 'be65222eb4151f515348e4c997d7ca8f6fc9b6c53136f25aed6d747bdd99a3d9', 1, '2026-02-05', '2026-02-05 16:05:06', 0, NULL, NULL, '172.20.10.6', '2026-02-05 08:04:06'),
(253, '7353308a02b9b08b50de65788a4a69cc2d6101caa363bd22653260e1ceb9f2c4', 1, '2026-02-05', '2026-02-05 16:05:37', 0, NULL, NULL, '172.20.10.6', '2026-02-05 08:04:37'),
(254, 'b49bafc11beb98894e98145206a6fd23e84cdd38082ebbd929fdac3e120c03ad', 1, '2026-02-05', '2026-02-05 16:05:59', 0, NULL, NULL, '172.20.10.6', '2026-02-05 08:04:59'),
(255, '1749d740df25324637cf92f51770ffdcb3680a0a994c9bfff6cdfa424c2db823', 1, '2026-02-05', '2026-02-05 16:07:22', 0, NULL, NULL, '172.20.10.6', '2026-02-05 08:06:22'),
(256, '7476f95ea15a25540e41b8fdab8b02d00509cead4a6fc45251fbe1dcd51ce4f2', 1, '2026-02-05', '2026-02-05 16:45:27', 0, NULL, NULL, '172.20.10.6', '2026-02-05 08:44:27'),
(257, 'ffceaf5ebbdd272a8f755e01831d04c142eea588a25ad19db37e811163621090', 1, '2026-02-05', '2026-02-05 16:46:25', 0, NULL, NULL, '172.20.10.6', '2026-02-05 08:45:25'),
(258, '7afb8c319ce3f90b82db4842006610f952a7b7e60b6cd2e66b161b8b1d157f2a', 1, '2026-02-05', '2026-02-05 16:46:55', 0, NULL, NULL, '172.20.10.6', '2026-02-05 08:45:55'),
(259, '7f1f362276f06e83b461e90d88ea0bd8570c6c9daa78f1f6dbbc5637849c832a', 1, '2026-02-05', '2026-02-05 16:47:08', 0, NULL, NULL, '172.20.10.6', '2026-02-05 08:46:08'),
(260, '141ccc3cf812d9d1a8ef9eac5c1068c83ae6d9eca493f99fa868a533b1c5a2ef', 1, '2026-02-05', '2026-02-05 16:47:46', 1, 6, '2026-02-05 16:46:51', '172.20.10.6', '2026-02-05 08:46:46'),
(261, '634125fc6fff5fdf31b41c975e48bc58207d71409428e18a3a800162e7691b2d', 1, '2026-02-05', '2026-02-05 16:53:10', 0, NULL, NULL, '172.20.10.6', '2026-02-05 08:52:10'),
(262, '92e85d2a211d86eb5a3efe61cfc5d11b49916f2ee167a5a211da30878fe2a2eb', 1, '2026-02-05', '2026-02-05 16:54:24', 0, NULL, NULL, '172.20.10.6', '2026-02-05 08:53:24'),
(263, '762a0ecd7bdd011cc5cad53fbe6a77bb2cee13bdcba02353a9fbdf36085e6498', 1, '2026-02-05', '2026-02-05 16:54:54', 0, NULL, NULL, '172.20.10.6', '2026-02-05 08:53:54'),
(264, 'f88b5674a93bab3a207614ca37d01d39eff16ab857ffdaa9721385419f2defbf', 1, '2026-02-05', '2026-02-05 16:55:46', 0, NULL, NULL, '172.20.10.6', '2026-02-05 08:54:46'),
(265, '709baf85afe4e82016c4f004905314557e7c5ce51cdb25787d7125fbb7094d03', 1, '2026-02-05', '2026-02-05 16:56:17', 0, NULL, NULL, '172.20.10.6', '2026-02-05 08:55:17'),
(266, '2c77286fdc9a8f7eace3b3afd65cb11f92d2d7987368d979504bcbd95dbffdcd', 1, '2026-02-05', '2026-02-05 16:56:38', 0, NULL, NULL, '172.20.10.6', '2026-02-05 08:55:38'),
(267, '84456a6af2c86e0d7ab5cab0a6ab7b14aca28fe2fed108c6e9806c163e26dda3', 1, '2026-02-05', '2026-02-05 16:57:14', 0, NULL, NULL, '172.20.10.6', '2026-02-05 08:56:14'),
(268, 'f6eb31452d15b183fa6801bb459a0c36d227a32be7b9a822f6c1d5b0aec43999', 1, '2026-02-05', '2026-02-05 17:48:23', 0, NULL, NULL, '172.20.10.6', '2026-02-05 09:47:23'),
(269, '472053ae52f1d8ac365bed41e2c6dacec58a24336840bd6f16f9cae34d85e8ad', 1, '2026-02-05', '2026-02-05 17:48:53', 1, 6, '2026-02-05 17:48:18', '172.20.10.6', '2026-02-05 09:47:53'),
(270, '52dbacee1c121209f743d9a0506b76f3b1f6b1b2e30e25a74df2ab139ffc8b5c', 1, '2026-02-05', '2026-02-05 17:49:23', 0, NULL, NULL, '172.20.10.6', '2026-02-05 09:48:23'),
(271, '31c4d6f0ed65c4609df1f53c7bcaa059ff18016de3c08adce3773b559c5661e7', 1, '2026-02-05', '2026-02-05 17:49:53', 0, NULL, NULL, '172.20.10.6', '2026-02-05 09:48:53'),
(272, '73c210e07ef466a3119f48dc29caee400fb1663402352c5f81a3109db9368d64', 1, '2026-02-06', '2026-02-06 22:51:16', 0, NULL, NULL, '192.168.1.11', '2026-02-06 14:50:16'),
(273, '5492c81b69c18e89af4994b8361fa0ef8649019e1e8ae3b604c553b79a0c2523', 1, '2026-02-06', '2026-02-06 22:51:46', 0, NULL, NULL, '192.168.1.11', '2026-02-06 14:50:46'),
(274, '2300a579d91afa8bc5b4db9a33ecbc57bc4f35a1d31adcd19a099b16689dc8d6', 1, '2026-02-06', '2026-02-06 22:52:16', 0, NULL, NULL, '192.168.1.11', '2026-02-06 14:51:16'),
(275, '52aa5d6661e79961a0ca33f1c7487f26ebec015792eed4d1c6bb4960a7a32eb1', 1, '2026-02-06', '2026-02-06 22:52:47', 0, NULL, NULL, '192.168.1.11', '2026-02-06 14:51:47'),
(276, 'a27bffc379c811849002995e0c8a48f1cbac87fe18973ef6f253ee348f105176', 1, '2026-02-06', '2026-02-06 23:01:07', 0, NULL, NULL, '192.168.1.11', '2026-02-06 15:00:07'),
(277, '6d113aaaf598b03abff5cfad2687842770e025d689b7ed1d212d8dae0e80bcdc', 1, '2026-02-06', '2026-02-06 23:01:37', 0, NULL, NULL, '192.168.1.11', '2026-02-06 15:00:37'),
(278, '161cffeb4705f06c7ce74c3964d84ed3fe21e6ac070ca1701453710c818c47f0', 1, '2026-02-06', '2026-02-06 23:01:49', 0, NULL, NULL, '192.168.1.11', '2026-02-06 15:00:49'),
(279, '3675e7e878b4061d77cbcbf8758dffc89c815dff6bea2c30524b8de045ba5436', 1, '2026-02-06', '2026-02-06 23:01:59', 0, NULL, NULL, '192.168.1.11', '2026-02-06 15:00:59'),
(280, '4901b47aa81c06fa07acf15f5b54e40f969a1ef74b75bc557a9a3e83ca9dae8e', 1, '2026-02-06', '2026-02-06 23:02:15', 0, NULL, NULL, '192.168.1.11', '2026-02-06 15:01:15'),
(281, '25af59a6d4be75c3a5c428ad24a987d8751a48fe20dd7ae2293d0553dbd4701e', 1, '2026-02-06', '2026-02-06 23:02:40', 0, NULL, NULL, '192.168.1.11', '2026-02-06 15:01:40'),
(282, '25ba72d3f58b8103e4220da236c17a29e8d5503317a3add2a42accb1a80cfe92', 1, '2026-02-07', '2026-02-07 00:59:48', 0, NULL, NULL, '192.168.1.11', '2026-02-06 16:58:48'),
(283, '58eb7db77695a4bb815dd539389a3fb9513a015717b464d35429860e228e2230', 1, '2026-02-09', '2026-02-09 19:36:09', 0, NULL, NULL, '172.24.93.98', '2026-02-09 11:35:09'),
(284, '61d5d1bd85e43e23d258fdecf666e9b052fa234438d9dbabbe7b5a5911687f3c', 1, '2026-02-09', '2026-02-09 19:36:39', 0, NULL, NULL, '172.24.93.98', '2026-02-09 11:35:39'),
(285, '52cadd693ed848831dee1053ac680e3a2c18c3c61caf985816b4a3a0fa51a3b3', 1, '2026-02-09', '2026-02-09 19:37:09', 0, NULL, NULL, '172.24.93.98', '2026-02-09 11:36:09'),
(286, 'fe9976e9c899ee552b5e86c8a0e59881bc6759629b686ad209dd686e7177a614', 1, '2026-02-09', '2026-02-09 19:44:19', 0, NULL, NULL, '172.24.93.98', '2026-02-09 11:43:19'),
(287, '7215613ef9757d93fe7a65b8b68ddef23e79180a5b653d416d14b0536efc94a3', 1, '2026-02-09', '2026-02-09 19:44:53', 0, NULL, NULL, '172.24.93.98', '2026-02-09 11:43:53'),
(288, '27d1ded2b6b43221b4b0861e12ace7ee753c570f356641953969baf6ec019b15', 1, '2026-02-09', '2026-02-09 19:45:35', 0, NULL, NULL, '172.24.93.98', '2026-02-09 11:44:35'),
(289, 'c74920cd2122a9194e661c7d6e4b76a4896177ee7e1e8bb2e4e3d7c1faca42ab', 1, '2026-02-09', '2026-02-09 19:46:06', 0, NULL, NULL, '172.24.93.98', '2026-02-09 11:45:06'),
(290, 'ca3d5eb2277a4578b13fa66b32cbc7ea60720ce398bc4168114adc9862760409', 1, '2026-02-09', '2026-02-09 19:47:04', 0, NULL, NULL, '172.24.93.98', '2026-02-09 11:46:04'),
(291, '9c31078a74061fb267aa9c5d0c1f7b49595cd776a3a1a3a6ea7970f9276ef2ca', 1, '2026-02-09', '2026-02-09 19:47:35', 0, NULL, NULL, '172.24.93.98', '2026-02-09 11:46:35'),
(292, 'eabb79f28ea97e80e7d9e3829c893ec0e61d2c22df9cc26932d30f2fbd65f028', 1, '2026-02-12', '2026-02-12 17:11:15', 1, 6, '2026-02-12 17:10:41', '172.20.10.6', '2026-02-12 09:10:15'),
(293, 'c2ac0a16574ce545f9f55eaab4ed71e476895f84e6e2174cf08249c89ade32b0', 1, '2026-02-12', '2026-02-12 17:11:45', 0, NULL, NULL, '172.20.10.6', '2026-02-12 09:10:45'),
(294, 'c07c494594858c6057f6302c5d6cb582fab49f4ab1775c813e85804df3cef7d0', 1, '2026-02-12', '2026-02-12 17:12:15', 0, NULL, NULL, '172.20.10.6', '2026-02-12 09:11:15');

-- --------------------------------------------------------

--
-- Table structure for table `audit_logs`
--

CREATE TABLE `audit_logs` (
  `audit_id` int(11) NOT NULL,
  `action_type` varchar(100) NOT NULL,
  `user_id` int(11) DEFAULT NULL,
  `employee_id` int(11) DEFAULT NULL,
  `attendance_id` int(11) DEFAULT NULL,
  `action_details` longtext CHARACTER SET utf8mb4 COLLATE utf8mb4_bin DEFAULT NULL CHECK (json_valid(`action_details`)),
  `ip_address` varchar(45) DEFAULT NULL,
  `user_agent` varchar(255) DEFAULT NULL,
  `status` enum('SUCCESS','FAILED') DEFAULT 'SUCCESS',
  `error_message` text DEFAULT NULL,
  `created_at` timestamp NOT NULL DEFAULT current_timestamp()
) ENGINE=InnoDB DEFAULT CHARSET=utf8mb4 COLLATE=utf8mb4_general_ci;

--
-- Dumping data for table `audit_logs`
--

INSERT INTO `audit_logs` (`audit_id`, `action_type`, `user_id`, `employee_id`, `attendance_id`, `action_details`, `ip_address`, `user_agent`, `status`, `error_message`, `created_at`) VALUES
(1, 'LOGIN_FAILED', 1, NULL, NULL, '{\"reason\":\"Wrong password\"}', '172.20.10.6', 'Mozilla/5.0 (Windows NT 10.0; Win64; x64) AppleWebKit/537.36 (KHTML, like Gecko) Chrome/144.0.0.0 Safari/537.36 Edg/144.0.0.0', 'FAILED', 'Password mismatch', '2026-01-28 02:36:19'),
(2, 'LOGIN_FAILED', 1, NULL, NULL, '{\"reason\":\"Wrong password\"}', '172.20.10.6', 'Mozilla/5.0 (Windows NT 10.0; Win64; x64) AppleWebKit/537.36 (KHTML, like Gecko) Chrome/144.0.0.0 Safari/537.36 Edg/144.0.0.0', 'FAILED', 'Password mismatch', '2026-01-28 02:36:29'),
(3, 'LOGIN_FAILED', 4, NULL, NULL, '{\"reason\":\"Wrong password\"}', '172.20.10.6', 'Mozilla/5.0 (Windows NT 10.0; Win64; x64) AppleWebKit/537.36 (KHTML, like Gecko) Chrome/144.0.0.0 Safari/537.36 Edg/144.0.0.0', 'FAILED', 'Password mismatch', '2026-01-28 02:37:22'),
(4, 'LOGIN_FAILED', 1, NULL, NULL, '{\"reason\":\"Wrong password\"}', '172.20.10.6', 'Mozilla/5.0 (Windows NT 10.0; Win64; x64) AppleWebKit/537.36 (KHTML, like Gecko) Chrome/144.0.0.0 Safari/537.36 Edg/144.0.0.0', 'FAILED', 'Password mismatch', '2026-01-28 02:39:43'),
(5, 'LOGIN_SUCCESS', 1, NULL, NULL, '{\"role\":\"HR_ADMIN\"}', '172.20.10.6', 'Mozilla/5.0 (Windows NT 10.0; Win64; x64) AppleWebKit/537.36 (KHTML, like Gecko) Chrome/144.0.0.0 Safari/537.36 Edg/144.0.0.0', 'SUCCESS', NULL, '2026-01-28 02:43:04'),
(6, 'LOGIN_SUCCESS', 5, NULL, NULL, '{\"role\":\"EMPLOYEE\"}', '172.20.10.4', 'Mozilla/5.0 (Linux; Android 10; K) AppleWebKit/537.36 (KHTML, like Gecko) Chrome/143.0.0.0 Mobile Safari/537.36', 'SUCCESS', NULL, '2026-01-28 02:44:26'),
(7, 'TIME_IN_SUCCESS', 5, 2, 1, '{\"method\":\"QR\",\"status\":\"PRESENT\"}', '172.20.10.4', 'Mozilla/5.0 (Linux; Android 10; K) AppleWebKit/537.36 (KHTML, like Gecko) Chrome/143.0.0.0 Mobile Safari/537.36', 'SUCCESS', NULL, '2026-01-28 02:44:46'),
(8, 'QR_SCAN_SUCCESS', 5, 2, NULL, '{\"token_id\":2,\"action\":\"TIME_IN\"}', '172.20.10.4', 'Mozilla/5.0 (Linux; Android 10; K) AppleWebKit/537.36 (KHTML, like Gecko) Chrome/143.0.0.0 Mobile Safari/537.36', 'SUCCESS', NULL, '2026-01-28 02:44:46'),
(9, 'LOGOUT', 5, NULL, NULL, '[]', '172.20.10.4', 'Mozilla/5.0 (Linux; Android 10; K) AppleWebKit/537.36 (KHTML, like Gecko) Chrome/143.0.0.0 Mobile Safari/537.36', 'SUCCESS', NULL, '2026-01-28 02:48:15'),
(10, 'LOGIN_SUCCESS', 12, NULL, NULL, '{\"role\":\"EMPLOYEE\"}', '172.20.10.4', 'Mozilla/5.0 (Linux; Android 10; K) AppleWebKit/537.36 (KHTML, like Gecko) Chrome/143.0.0.0 Mobile Safari/537.36', 'SUCCESS', NULL, '2026-01-28 02:48:29'),
(11, 'TIME_IN_SUCCESS', 12, 9, 2, '{\"method\":\"QR\",\"status\":\"LATE\"}', '172.20.10.4', 'Mozilla/5.0 (Linux; Android 10; K) AppleWebKit/537.36 (KHTML, like Gecko) Chrome/143.0.0.0 Mobile Safari/537.36', 'SUCCESS', NULL, '2026-01-28 02:48:41'),
(12, 'QR_SCAN_SUCCESS', 12, 9, NULL, '{\"token_id\":7,\"action\":\"TIME_IN\"}', '172.20.10.4', 'Mozilla/5.0 (Linux; Android 10; K) AppleWebKit/537.36 (KHTML, like Gecko) Chrome/143.0.0.0 Mobile Safari/537.36', 'SUCCESS', NULL, '2026-01-28 02:48:41'),
(13, 'ATTENDANCE_APPROVED', 1, NULL, 2, '{\"remarks\":\"\"}', '172.20.10.6', 'Mozilla/5.0 (Windows NT 10.0; Win64; x64) AppleWebKit/537.36 (KHTML, like Gecko) Chrome/144.0.0.0 Safari/537.36 Edg/144.0.0.0', 'SUCCESS', NULL, '2026-01-28 03:00:11'),
(14, 'ATTENDANCE_APPROVED', 1, NULL, 1, '{\"remarks\":\"\"}', '172.20.10.6', 'Mozilla/5.0 (Windows NT 10.0; Win64; x64) AppleWebKit/537.36 (KHTML, like Gecko) Chrome/144.0.0.0 Safari/537.36 Edg/144.0.0.0', 'SUCCESS', NULL, '2026-01-28 03:00:35'),
(15, 'LOGOUT', 1, NULL, NULL, '[]', '172.20.10.6', 'Mozilla/5.0 (Windows NT 10.0; Win64; x64) AppleWebKit/537.36 (KHTML, like Gecko) Chrome/144.0.0.0 Safari/537.36 Edg/144.0.0.0', 'SUCCESS', NULL, '2026-01-28 03:02:44'),
(16, 'LOGIN_SUCCESS', 12, NULL, NULL, '{\"role\":\"EMPLOYEE\"}', '172.20.10.6', 'Mozilla/5.0 (Windows NT 10.0; Win64; x64) AppleWebKit/537.36 (KHTML, like Gecko) Chrome/144.0.0.0 Safari/537.36 Edg/144.0.0.0', 'SUCCESS', NULL, '2026-01-28 03:02:54'),
(17, 'LOGIN_SUCCESS', 1, NULL, NULL, '{\"role\":\"HR_ADMIN\"}', '172.20.10.6', 'Mozilla/5.0 (Windows NT 10.0; Win64; x64) AppleWebKit/537.36 (KHTML, like Gecko) Chrome/144.0.0.0 Safari/537.36 Edg/144.0.0.0', 'SUCCESS', NULL, '2026-01-28 07:32:02'),
(18, 'LOGIN_SUCCESS', 9, NULL, NULL, '{\"role\":\"EMPLOYEE\"}', '172.20.10.1', 'Mozilla/5.0 (iPhone; CPU iPhone OS 16_7_12 like Mac OS X) AppleWebKit/605.1.15 (KHTML, like Gecko) Version/16.6.1 Mobile/15E148 Safari/604.1', 'SUCCESS', NULL, '2026-01-28 07:32:41'),
(19, 'TIME_IN_SUCCESS', 9, 6, 3, '{\"method\":\"QR\",\"status\":\"LATE\"}', '172.20.10.1', 'Mozilla/5.0 (iPhone; CPU iPhone OS 16_7_12 like Mac OS X) AppleWebKit/605.1.15 (KHTML, like Gecko) Version/16.6.1 Mobile/15E148 Safari/604.1', 'SUCCESS', NULL, '2026-01-28 07:33:13'),
(20, 'QR_SCAN_SUCCESS', 9, 6, NULL, '{\"token_id\":33,\"action\":\"TIME_IN\"}', '172.20.10.1', 'Mozilla/5.0 (iPhone; CPU iPhone OS 16_7_12 like Mac OS X) AppleWebKit/605.1.15 (KHTML, like Gecko) Version/16.6.1 Mobile/15E148 Safari/604.1', 'SUCCESS', NULL, '2026-01-28 07:33:13'),
(21, 'QR_SCAN_FAILED', 9, 6, NULL, '{\"reason\":\"Invalid or expired token\"}', '172.20.10.1', 'Mozilla/5.0 (iPhone; CPU iPhone OS 16_7_12 like Mac OS X) AppleWebKit/605.1.15 (KHTML, like Gecko) Version/16.6.1 Mobile/15E148 Safari/604.1', 'FAILED', 'Token validation failed', '2026-01-28 07:33:35'),
(22, 'TIME_OUT_SUCCESS', 9, 6, 3, '{\"duration\":\"0h 0m\"}', '172.20.10.1', 'Mozilla/5.0 (iPhone; CPU iPhone OS 16_7_12 like Mac OS X) AppleWebKit/605.1.15 (KHTML, like Gecko) Version/16.6.1 Mobile/15E148 Safari/604.1', 'SUCCESS', NULL, '2026-01-28 07:33:45'),
(23, 'QR_SCAN_SUCCESS', 9, 6, NULL, '{\"token_id\":34,\"action\":\"TIME_OUT\"}', '172.20.10.1', 'Mozilla/5.0 (iPhone; CPU iPhone OS 16_7_12 like Mac OS X) AppleWebKit/605.1.15 (KHTML, like Gecko) Version/16.6.1 Mobile/15E148 Safari/604.1', 'SUCCESS', NULL, '2026-01-28 07:33:45'),
(24, 'LOGOUT', 1, NULL, NULL, '[]', '172.20.10.6', 'Mozilla/5.0 (Windows NT 10.0; Win64; x64) AppleWebKit/537.36 (KHTML, like Gecko) Chrome/144.0.0.0 Safari/537.36 Edg/144.0.0.0', 'SUCCESS', NULL, '2026-01-28 07:46:52'),
(25, 'LOGIN_SUCCESS', 1, NULL, NULL, '{\"role\":\"HR_ADMIN\"}', '172.20.10.6', 'Mozilla/5.0 (Windows NT 10.0; Win64; x64) AppleWebKit/537.36 (KHTML, like Gecko) Chrome/144.0.0.0 Safari/537.36 Edg/144.0.0.0', 'SUCCESS', NULL, '2026-01-28 07:49:29'),
(26, 'LOGIN_SUCCESS', 1, NULL, NULL, '{\"role\":\"HR_ADMIN\"}', '192.168.68.185', 'Mozilla/5.0 (Windows NT 10.0; Win64; x64) AppleWebKit/537.36 (KHTML, like Gecko) Chrome/144.0.0.0 Safari/537.36 Edg/144.0.0.0', 'SUCCESS', NULL, '2026-01-29 13:21:19'),
(27, 'LOGIN_SUCCESS', 8, NULL, NULL, '{\"role\":\"EMPLOYEE\"}', '192.168.68.124', 'Mozilla/5.0 (Linux; Android 10; K) AppleWebKit/537.36 (KHTML, like Gecko) Chrome/144.0.0.0 Mobile Safari/537.36', 'SUCCESS', NULL, '2026-01-29 13:23:00'),
(28, 'LOGIN_SUCCESS', 9, NULL, NULL, '{\"role\":\"EMPLOYEE\"}', '192.168.68.164', 'Mozilla/5.0 (Linux; U; Android 13; en-ph; CPH2237 Build/TP1A.220905.001) AppleWebKit/537.36 (KHTML, like Gecko) Chrome/125.0.6422.72 Mobile Safari/537.36 HeyTapBrowser/45.13.6.1', 'SUCCESS', NULL, '2026-01-29 13:24:49'),
(29, 'TIME_IN_SUCCESS', 9, 6, 4, '{\"method\":\"QR\",\"status\":\"LATE\"}', '192.168.68.164', 'Mozilla/5.0 (Linux; U; Android 13; en-ph; CPH2237 Build/TP1A.220905.001) AppleWebKit/537.36 (KHTML, like Gecko) Chrome/125.0.6422.72 Mobile Safari/537.36 HeyTapBrowser/45.13.6.1', 'SUCCESS', NULL, '2026-01-29 13:25:04'),
(30, 'QR_SCAN_SUCCESS', 9, 6, NULL, '{\"token_id\":42,\"action\":\"TIME_IN\"}', '192.168.68.164', 'Mozilla/5.0 (Linux; U; Android 13; en-ph; CPH2237 Build/TP1A.220905.001) AppleWebKit/537.36 (KHTML, like Gecko) Chrome/125.0.6422.72 Mobile Safari/537.36 HeyTapBrowser/45.13.6.1', 'SUCCESS', NULL, '2026-01-29 13:25:04'),
(31, 'TIME_OUT_SUCCESS', 9, 6, 4, '{\"duration\":\"0h 0m\"}', '192.168.68.164', 'Mozilla/5.0 (Linux; U; Android 13; en-ph; CPH2237 Build/TP1A.220905.001) AppleWebKit/537.36 (KHTML, like Gecko) Chrome/125.0.6422.72 Mobile Safari/537.36 HeyTapBrowser/45.13.6.1', 'SUCCESS', NULL, '2026-01-29 13:25:28'),
(32, 'QR_SCAN_SUCCESS', 9, 6, NULL, '{\"token_id\":43,\"action\":\"TIME_OUT\"}', '192.168.68.164', 'Mozilla/5.0 (Linux; U; Android 13; en-ph; CPH2237 Build/TP1A.220905.001) AppleWebKit/537.36 (KHTML, like Gecko) Chrome/125.0.6422.72 Mobile Safari/537.36 HeyTapBrowser/45.13.6.1', 'SUCCESS', NULL, '2026-01-29 13:25:28'),
(33, 'ATTENDANCE_APPROVED', 1, NULL, 4, '{\"remarks\":\"\"}', '192.168.68.185', 'Mozilla/5.0 (Windows NT 10.0; Win64; x64) AppleWebKit/537.36 (KHTML, like Gecko) Chrome/144.0.0.0 Safari/537.36 Edg/144.0.0.0', 'SUCCESS', NULL, '2026-01-29 13:27:30'),
(34, 'ATTENDANCE_APPROVED', 1, NULL, 3, '{\"remarks\":\"\"}', '192.168.68.185', 'Mozilla/5.0 (Windows NT 10.0; Win64; x64) AppleWebKit/537.36 (KHTML, like Gecko) Chrome/144.0.0.0 Safari/537.36 Edg/144.0.0.0', 'SUCCESS', NULL, '2026-01-29 13:27:43'),
(35, 'LOGIN_SUCCESS', 7, NULL, NULL, '{\"role\":\"EMPLOYEE\"}', '192.168.68.168', 'Mozilla/5.0 (iPhone; CPU iPhone OS 16_7_12 like Mac OS X) AppleWebKit/605.1.15 (KHTML, like Gecko) Version/16.6.1 Mobile/15E148 Safari/604.1', 'SUCCESS', NULL, '2026-01-29 13:29:22'),
(36, 'TIME_IN_SUCCESS', 7, 4, 5, '{\"method\":\"QR\",\"status\":\"LATE\"}', '192.168.68.168', 'Mozilla/5.0 (iPhone; CPU iPhone OS 16_7_12 like Mac OS X) AppleWebKit/605.1.15 (KHTML, like Gecko) Version/16.6.1 Mobile/15E148 Safari/604.1', 'SUCCESS', NULL, '2026-01-29 13:29:32'),
(37, 'QR_SCAN_SUCCESS', 7, 4, NULL, '{\"token_id\":47,\"action\":\"TIME_IN\"}', '192.168.68.168', 'Mozilla/5.0 (iPhone; CPU iPhone OS 16_7_12 like Mac OS X) AppleWebKit/605.1.15 (KHTML, like Gecko) Version/16.6.1 Mobile/15E148 Safari/604.1', 'SUCCESS', NULL, '2026-01-29 13:29:32'),
(38, 'LOGIN_SUCCESS', 1, NULL, NULL, '{\"role\":\"HR_ADMIN\"}', '172.20.10.6', 'Mozilla/5.0 (Windows NT 10.0; Win64; x64) AppleWebKit/537.36 (KHTML, like Gecko) Chrome/144.0.0.0 Safari/537.36 Edg/144.0.0.0', 'SUCCESS', NULL, '2026-01-30 08:19:26'),
(39, 'LOGIN_SUCCESS', 7, NULL, NULL, '{\"role\":\"EMPLOYEE\"}', '172.20.10.5', 'Mozilla/5.0 (Linux; Android 10; K) AppleWebKit/537.36 (KHTML, like Gecko) Chrome/144.0.0.0 Mobile Safari/537.36', 'SUCCESS', NULL, '2026-01-30 08:20:57'),
(40, 'TIME_IN_SUCCESS', 7, 4, 6, '{\"method\":\"QR\",\"status\":\"LATE\"}', '172.20.10.5', 'Mozilla/5.0 (Linux; Android 10; K) AppleWebKit/537.36 (KHTML, like Gecko) Chrome/144.0.0.0 Mobile Safari/537.36', 'SUCCESS', NULL, '2026-01-30 08:21:08'),
(41, 'QR_SCAN_SUCCESS', 7, 4, NULL, '{\"token_id\":52,\"action\":\"TIME_IN\"}', '172.20.10.5', 'Mozilla/5.0 (Linux; Android 10; K) AppleWebKit/537.36 (KHTML, like Gecko) Chrome/144.0.0.0 Mobile Safari/537.36', 'SUCCESS', NULL, '2026-01-30 08:21:08'),
(42, 'QR_SCAN_FAILED', 7, 4, NULL, '{\"reason\":\"Invalid or expired token\"}', '172.20.10.5', 'Mozilla/5.0 (Linux; Android 10; K) AppleWebKit/537.36 (KHTML, like Gecko) Chrome/144.0.0.0 Mobile Safari/537.36', 'FAILED', 'Token validation failed', '2026-01-30 08:21:28'),
(43, 'LOGIN_SUCCESS', 9, NULL, NULL, '{\"role\":\"EMPLOYEE\"}', '172.20.10.8', 'Mozilla/5.0 (Linux; Android 10; K) AppleWebKit/537.36 (KHTML, like Gecko) Chrome/144.0.0.0 Mobile Safari/537.36', 'SUCCESS', NULL, '2026-01-30 08:21:42'),
(44, 'TIME_OUT_SUCCESS', 7, 4, 6, '{\"duration\":\"0h 1m\"}', '172.20.10.5', 'Mozilla/5.0 (Linux; Android 10; K) AppleWebKit/537.36 (KHTML, like Gecko) Chrome/144.0.0.0 Mobile Safari/537.36', 'SUCCESS', NULL, '2026-01-30 08:22:21'),
(45, 'QR_SCAN_SUCCESS', 7, 4, NULL, '{\"token_id\":54,\"action\":\"TIME_OUT\"}', '172.20.10.5', 'Mozilla/5.0 (Linux; Android 10; K) AppleWebKit/537.36 (KHTML, like Gecko) Chrome/144.0.0.0 Mobile Safari/537.36', 'SUCCESS', NULL, '2026-01-30 08:22:21'),
(46, 'LOGIN_SUCCESS', 1, NULL, NULL, '{\"role\":\"HR_ADMIN\"}', '::1', 'Mozilla/5.0 (Windows NT 10.0; Win64; x64) AppleWebKit/537.36 (KHTML, like Gecko) Chrome/144.0.0.0 Safari/537.36 Edg/144.0.0.0', 'SUCCESS', NULL, '2026-01-31 15:16:37'),
(47, 'ATTENDANCE_APPROVED', 1, NULL, 6, '{\"remarks\":\"\"}', '::1', 'Mozilla/5.0 (Windows NT 10.0; Win64; x64) AppleWebKit/537.36 (KHTML, like Gecko) Chrome/144.0.0.0 Safari/537.36 Edg/144.0.0.0', 'SUCCESS', NULL, '2026-01-31 15:16:47'),
(48, 'ATTENDANCE_APPROVED', 1, NULL, 5, '{\"remarks\":\"\"}', '::1', 'Mozilla/5.0 (Windows NT 10.0; Win64; x64) AppleWebKit/537.36 (KHTML, like Gecko) Chrome/144.0.0.0 Safari/537.36 Edg/144.0.0.0', 'SUCCESS', NULL, '2026-01-31 15:16:56'),
(49, 'LOGOUT', 1, NULL, NULL, '[]', '::1', 'Mozilla/5.0 (Windows NT 10.0; Win64; x64) AppleWebKit/537.36 (KHTML, like Gecko) Chrome/144.0.0.0 Safari/537.36 Edg/144.0.0.0', 'SUCCESS', NULL, '2026-01-31 15:18:14'),
(50, 'LOGIN_SUCCESS', 5, NULL, NULL, '{\"role\":\"EMPLOYEE\"}', '::1', 'Mozilla/5.0 (Windows NT 10.0; Win64; x64) AppleWebKit/537.36 (KHTML, like Gecko) Chrome/144.0.0.0 Safari/537.36 Edg/144.0.0.0', 'SUCCESS', NULL, '2026-01-31 15:18:18'),
(51, 'TIME_IN_SUCCESS', 5, 2, 7, '{\"method\":\"MANUAL\",\"status\":\"LATE\"}', '::1', 'Mozilla/5.0 (Windows NT 10.0; Win64; x64) AppleWebKit/537.36 (KHTML, like Gecko) Chrome/144.0.0.0 Safari/537.36 Edg/144.0.0.0', 'SUCCESS', NULL, '2026-01-31 15:18:23'),
(52, 'TIME_OUT_SUCCESS', 5, 2, 7, '{\"duration\":\"0h 0m\"}', '::1', 'Mozilla/5.0 (Windows NT 10.0; Win64; x64) AppleWebKit/537.36 (KHTML, like Gecko) Chrome/144.0.0.0 Safari/537.36 Edg/144.0.0.0', 'SUCCESS', NULL, '2026-01-31 15:18:28'),
(53, 'LOGOUT', 5, NULL, NULL, '[]', '::1', 'Mozilla/5.0 (Windows NT 10.0; Win64; x64) AppleWebKit/537.36 (KHTML, like Gecko) Chrome/144.0.0.0 Safari/537.36 Edg/144.0.0.0', 'SUCCESS', NULL, '2026-01-31 15:18:59'),
(54, 'LOGIN_SUCCESS', 1, NULL, NULL, '{\"role\":\"HR_ADMIN\"}', '::1', 'Mozilla/5.0 (Windows NT 10.0; Win64; x64) AppleWebKit/537.36 (KHTML, like Gecko) Chrome/144.0.0.0 Safari/537.36 Edg/144.0.0.0', 'SUCCESS', NULL, '2026-01-31 15:28:11'),
(55, 'ATTENDANCE_APPROVED', 1, NULL, 7, '{\"remarks\":\"\"}', '::1', 'Mozilla/5.0 (Windows NT 10.0; Win64; x64) AppleWebKit/537.36 (KHTML, like Gecko) Chrome/144.0.0.0 Safari/537.36 Edg/144.0.0.0', 'SUCCESS', NULL, '2026-01-31 15:28:21'),
(56, 'LOGOUT', 1, NULL, NULL, '[]', '::1', 'Mozilla/5.0 (Windows NT 10.0; Win64; x64) AppleWebKit/537.36 (KHTML, like Gecko) Chrome/144.0.0.0 Safari/537.36 Edg/144.0.0.0', 'SUCCESS', NULL, '2026-01-31 15:29:11'),
(57, 'LOGIN_SUCCESS', 5, NULL, NULL, '{\"role\":\"EMPLOYEE\"}', '::1', 'Mozilla/5.0 (Windows NT 10.0; Win64; x64) AppleWebKit/537.36 (KHTML, like Gecko) Chrome/144.0.0.0 Safari/537.36 Edg/144.0.0.0', 'SUCCESS', NULL, '2026-01-31 15:29:14'),
(58, 'LOGOUT', 5, NULL, NULL, '[]', '::1', 'Mozilla/5.0 (Windows NT 10.0; Win64; x64) AppleWebKit/537.36 (KHTML, like Gecko) Chrome/144.0.0.0 Safari/537.36 Edg/144.0.0.0', 'SUCCESS', NULL, '2026-01-31 15:29:21'),
(59, 'LOGIN_SUCCESS', 8, NULL, NULL, '{\"role\":\"EMPLOYEE\"}', '::1', 'Mozilla/5.0 (Windows NT 10.0; Win64; x64) AppleWebKit/537.36 (KHTML, like Gecko) Chrome/144.0.0.0 Safari/537.36 Edg/144.0.0.0', 'SUCCESS', NULL, '2026-01-31 15:29:26'),
(60, 'TIME_IN_SUCCESS', 8, 5, 8, '{\"method\":\"MANUAL\",\"status\":\"LATE\"}', '::1', 'Mozilla/5.0 (Windows NT 10.0; Win64; x64) AppleWebKit/537.36 (KHTML, like Gecko) Chrome/144.0.0.0 Safari/537.36 Edg/144.0.0.0', 'SUCCESS', NULL, '2026-01-31 15:29:29'),
(61, 'TIME_OUT_SUCCESS', 8, 5, 8, '{\"duration\":\"0h 0m\"}', '::1', 'Mozilla/5.0 (Windows NT 10.0; Win64; x64) AppleWebKit/537.36 (KHTML, like Gecko) Chrome/144.0.0.0 Safari/537.36 Edg/144.0.0.0', 'SUCCESS', NULL, '2026-01-31 15:29:35'),
(62, 'LOGOUT', 8, NULL, NULL, '[]', '::1', 'Mozilla/5.0 (Windows NT 10.0; Win64; x64) AppleWebKit/537.36 (KHTML, like Gecko) Chrome/144.0.0.0 Safari/537.36 Edg/144.0.0.0', 'SUCCESS', NULL, '2026-01-31 15:29:42'),
(63, 'LOGIN_SUCCESS', 1, NULL, NULL, '{\"role\":\"HR_ADMIN\"}', '::1', 'Mozilla/5.0 (Windows NT 10.0; Win64; x64) AppleWebKit/537.36 (KHTML, like Gecko) Chrome/144.0.0.0 Safari/537.36 Edg/144.0.0.0', 'SUCCESS', NULL, '2026-01-31 15:29:45'),
(64, 'ATTENDANCE_APPROVED', 1, NULL, 8, '{\"remarks\":\"\"}', '::1', 'Mozilla/5.0 (Windows NT 10.0; Win64; x64) AppleWebKit/537.36 (KHTML, like Gecko) Chrome/144.0.0.0 Safari/537.36 Edg/144.0.0.0', 'SUCCESS', NULL, '2026-01-31 15:29:51'),
(65, 'LOGOUT', 1, NULL, NULL, '[]', '::1', 'Mozilla/5.0 (Windows NT 10.0; Win64; x64) AppleWebKit/537.36 (KHTML, like Gecko) Chrome/144.0.0.0 Safari/537.36 Edg/144.0.0.0', 'SUCCESS', NULL, '2026-01-31 15:29:53'),
(66, 'LOGIN_SUCCESS', 1, NULL, NULL, '{\"role\":\"HR_ADMIN\"}', '::1', 'Mozilla/5.0 (Windows NT 10.0; Win64; x64) AppleWebKit/537.36 (KHTML, like Gecko) Chrome/144.0.0.0 Safari/537.36 Edg/144.0.0.0', 'SUCCESS', NULL, '2026-02-01 11:18:30'),
(67, 'LOGIN_SUCCESS', 1, NULL, NULL, '{\"role\":\"HR_ADMIN\"}', '172.20.10.6', 'Mozilla/5.0 (Windows NT 10.0; Win64; x64) AppleWebKit/537.36 (KHTML, like Gecko) Chrome/144.0.0.0 Safari/537.36 Edg/144.0.0.0', 'SUCCESS', NULL, '2026-02-04 06:13:54'),
(68, 'LOGOUT', 1, NULL, NULL, '[]', '172.20.10.6', 'Mozilla/5.0 (Windows NT 10.0; Win64; x64) AppleWebKit/537.36 (KHTML, like Gecko) Chrome/144.0.0.0 Safari/537.36 Edg/144.0.0.0', 'SUCCESS', NULL, '2026-02-04 07:12:37'),
(69, 'LOGIN_SUCCESS', 4, NULL, NULL, '{\"role\":\"EMPLOYEE\"}', '172.20.10.6', 'Mozilla/5.0 (Windows NT 10.0; Win64; x64) AppleWebKit/537.36 (KHTML, like Gecko) Chrome/144.0.0.0 Safari/537.36 Edg/144.0.0.0', 'SUCCESS', NULL, '2026-02-04 07:12:48'),
(70, 'LOGOUT', 4, NULL, NULL, '[]', '172.20.10.6', 'Mozilla/5.0 (Windows NT 10.0; Win64; x64) AppleWebKit/537.36 (KHTML, like Gecko) Chrome/144.0.0.0 Safari/537.36 Edg/144.0.0.0', 'SUCCESS', NULL, '2026-02-04 07:18:02'),
(71, 'LOGIN_SUCCESS', 1, NULL, NULL, '{\"role\":\"HR_ADMIN\"}', '172.20.10.6', 'Mozilla/5.0 (Windows NT 10.0; Win64; x64) AppleWebKit/537.36 (KHTML, like Gecko) Chrome/144.0.0.0 Safari/537.36 Edg/144.0.0.0', 'SUCCESS', NULL, '2026-02-04 07:18:05'),
(72, 'LOGIN_SUCCESS', 4, NULL, NULL, '{\"role\":\"EMPLOYEE\"}', '172.20.10.6', 'Mozilla/5.0 (Windows NT 10.0; Win64; x64) AppleWebKit/537.36 (KHTML, like Gecko) Chrome/144.0.0.0 Safari/537.36 Edg/144.0.0.0', 'SUCCESS', NULL, '2026-02-04 13:55:10'),
(73, 'LOGOUT', 4, NULL, NULL, '[]', '172.20.10.6', 'Mozilla/5.0 (Windows NT 10.0; Win64; x64) AppleWebKit/537.36 (KHTML, like Gecko) Chrome/144.0.0.0 Safari/537.36 Edg/144.0.0.0', 'SUCCESS', NULL, '2026-02-04 13:55:18'),
(74, 'LOGIN_SUCCESS', 1, NULL, NULL, '{\"role\":\"HR_ADMIN\"}', '172.20.10.6', 'Mozilla/5.0 (Windows NT 10.0; Win64; x64) AppleWebKit/537.36 (KHTML, like Gecko) Chrome/144.0.0.0 Safari/537.36 Edg/144.0.0.0', 'SUCCESS', NULL, '2026-02-04 13:55:21'),
(75, 'LOGOUT', 1, NULL, NULL, '[]', '172.20.10.6', 'Mozilla/5.0 (Windows NT 10.0; Win64; x64) AppleWebKit/537.36 (KHTML, like Gecko) Chrome/144.0.0.0 Safari/537.36 Edg/144.0.0.0', 'SUCCESS', NULL, '2026-02-04 14:01:08'),
(76, 'LOGIN_SUCCESS', 4, NULL, NULL, '{\"role\":\"EMPLOYEE\"}', '172.20.10.6', 'Mozilla/5.0 (Windows NT 10.0; Win64; x64) AppleWebKit/537.36 (KHTML, like Gecko) Chrome/144.0.0.0 Safari/537.36 Edg/144.0.0.0', 'SUCCESS', NULL, '2026-02-04 14:01:10'),
(77, 'TIME_IN_SUCCESS', 4, 1, 9, '{\"method\":\"MANUAL\",\"status\":\"LATE\"}', '172.20.10.6', 'Mozilla/5.0 (Windows NT 10.0; Win64; x64) AppleWebKit/537.36 (KHTML, like Gecko) Chrome/144.0.0.0 Safari/537.36 Edg/144.0.0.0', 'SUCCESS', NULL, '2026-02-04 14:22:12'),
(78, 'LOGOUT', 4, NULL, NULL, '[]', '172.20.10.6', 'Mozilla/5.0 (Windows NT 10.0; Win64; x64) AppleWebKit/537.36 (KHTML, like Gecko) Chrome/144.0.0.0 Safari/537.36 Edg/144.0.0.0', 'SUCCESS', NULL, '2026-02-04 15:26:15'),
(79, 'LOGIN_SUCCESS', 1, NULL, NULL, '{\"role\":\"HR_ADMIN\"}', '172.20.10.6', 'Mozilla/5.0 (Windows NT 10.0; Win64; x64) AppleWebKit/537.36 (KHTML, like Gecko) Chrome/144.0.0.0 Safari/537.36 Edg/144.0.0.0', 'SUCCESS', NULL, '2026-02-04 15:26:18'),
(80, 'LOGOUT', 1, NULL, NULL, '[]', '172.20.10.6', 'Mozilla/5.0 (Windows NT 10.0; Win64; x64) AppleWebKit/537.36 (KHTML, like Gecko) Chrome/144.0.0.0 Safari/537.36 Edg/144.0.0.0', 'SUCCESS', NULL, '2026-02-04 15:27:30'),
(81, 'LOGIN_SUCCESS', 9, NULL, NULL, '{\"role\":\"EMPLOYEE\"}', '172.20.10.1', 'Mozilla/5.0 (iPhone; CPU iPhone OS 16_7_12 like Mac OS X) AppleWebKit/605.1.15 (KHTML, like Gecko) Version/16.6.1 Mobile/15E148 Safari/604.1', 'SUCCESS', NULL, '2026-02-04 15:27:58'),
(82, 'LOGIN_SUCCESS', 1, NULL, NULL, '{\"role\":\"HR_ADMIN\"}', '172.20.10.6', 'Mozilla/5.0 (Windows NT 10.0; Win64; x64) AppleWebKit/537.36 (KHTML, like Gecko) Chrome/144.0.0.0 Safari/537.36 Edg/144.0.0.0', 'SUCCESS', NULL, '2026-02-04 15:28:07'),
(83, 'TIME_IN_SUCCESS', 9, 6, 10, '{\"method\":\"QR\",\"status\":\"LATE\"}', '172.20.10.1', 'Mozilla/5.0 (iPhone; CPU iPhone OS 16_7_12 like Mac OS X) AppleWebKit/605.1.15 (KHTML, like Gecko) Version/16.6.1 Mobile/15E148 Safari/604.1', 'SUCCESS', NULL, '2026-02-04 15:28:17'),
(84, 'QR_SCAN_SUCCESS', 9, 6, NULL, '{\"token_id\":118,\"action\":\"TIME_IN\"}', '172.20.10.1', 'Mozilla/5.0 (iPhone; CPU iPhone OS 16_7_12 like Mac OS X) AppleWebKit/605.1.15 (KHTML, like Gecko) Version/16.6.1 Mobile/15E148 Safari/604.1', 'SUCCESS', NULL, '2026-02-04 15:28:17'),
(85, 'LOGOUT', 1, NULL, NULL, '[]', '172.20.10.6', 'Mozilla/5.0 (Windows NT 10.0; Win64; x64) AppleWebKit/537.36 (KHTML, like Gecko) Chrome/144.0.0.0 Safari/537.36 Edg/144.0.0.0', 'SUCCESS', NULL, '2026-02-04 15:29:06'),
(86, 'LOGIN_SUCCESS', 4, NULL, NULL, '{\"role\":\"EMPLOYEE\"}', '172.20.10.6', 'Mozilla/5.0 (Windows NT 10.0; Win64; x64) AppleWebKit/537.36 (KHTML, like Gecko) Chrome/144.0.0.0 Safari/537.36 Edg/144.0.0.0', 'SUCCESS', NULL, '2026-02-04 15:29:08'),
(87, 'TIME_OUT_SUCCESS', 4, 1, 9, '{\"duration\":\"1h 25m\",\"hours\":{\"total_hours\":1.43,\"regular_hours\":1.43,\"overtime_hours\":0}}', '172.20.10.6', 'Mozilla/5.0 (Windows NT 10.0; Win64; x64) AppleWebKit/537.36 (KHTML, like Gecko) Chrome/144.0.0.0 Safari/537.36 Edg/144.0.0.0', 'SUCCESS', NULL, '2026-02-04 15:47:57'),
(88, 'LOGIN_SUCCESS', 4, NULL, NULL, '{\"role\":\"EMPLOYEE\"}', '172.20.10.6', 'Mozilla/5.0 (Windows NT 10.0; Win64; x64) AppleWebKit/537.36 (KHTML, like Gecko) Chrome/144.0.0.0 Safari/537.36 Edg/144.0.0.0', 'SUCCESS', NULL, '2026-02-05 00:15:29'),
(89, 'TIME_IN_SUCCESS', 4, 1, 11, '{\"method\":\"MANUAL\",\"status\":\"ON_TIME\"}', '172.20.10.6', 'Mozilla/5.0 (Windows NT 10.0; Win64; x64) AppleWebKit/537.36 (KHTML, like Gecko) Chrome/144.0.0.0 Safari/537.36 Edg/144.0.0.0', 'SUCCESS', NULL, '2026-02-05 00:49:57'),
(90, 'TIME_IN_FAILED', 4, 1, NULL, '{\"reason\":\"Already timed in\"}', '172.20.10.6', 'Mozilla/5.0 (Windows NT 10.0; Win64; x64) AppleWebKit/537.36 (KHTML, like Gecko) Chrome/144.0.0.0 Safari/537.36 Edg/144.0.0.0', 'FAILED', 'Employee already has time in record for today', '2026-02-05 00:54:24'),
(91, 'TIME_IN_FAILED', 4, 1, NULL, '{\"reason\":\"Already timed in\"}', '172.20.10.6', 'Mozilla/5.0 (Windows NT 10.0; Win64; x64) AppleWebKit/537.36 (KHTML, like Gecko) Chrome/144.0.0.0 Safari/537.36 Edg/144.0.0.0', 'FAILED', 'Employee already has time in record for today', '2026-02-05 00:57:28'),
(92, 'LOGIN_SUCCESS', 4, NULL, NULL, '{\"role\":\"EMPLOYEE\"}', '172.20.10.6', 'Mozilla/5.0 (Windows NT 10.0; Win64; x64) AppleWebKit/537.36 (KHTML, like Gecko) Code/1.108.2 Chrome/142.0.7444.235 Electron/39.2.7 Safari/537.36', 'SUCCESS', NULL, '2026-02-05 02:01:55'),
(93, 'LOGOUT', 4, NULL, NULL, '[]', '172.20.10.6', 'Mozilla/5.0 (Windows NT 10.0; Win64; x64) AppleWebKit/537.36 (KHTML, like Gecko) Chrome/144.0.0.0 Safari/537.36 Edg/144.0.0.0', 'SUCCESS', NULL, '2026-02-05 02:07:31'),
(94, 'LOGIN_SUCCESS', 1, NULL, NULL, '{\"role\":\"HR_ADMIN\"}', '172.20.10.6', 'Mozilla/5.0 (Windows NT 10.0; Win64; x64) AppleWebKit/537.36 (KHTML, like Gecko) Chrome/144.0.0.0 Safari/537.36 Edg/144.0.0.0', 'SUCCESS', NULL, '2026-02-05 02:07:34'),
(95, 'ATTENDANCE_APPROVED', 1, NULL, 11, '{\"remarks\":\"\"}', '172.20.10.6', 'Mozilla/5.0 (Windows NT 10.0; Win64; x64) AppleWebKit/537.36 (KHTML, like Gecko) Chrome/144.0.0.0 Safari/537.36 Edg/144.0.0.0', 'SUCCESS', NULL, '2026-02-05 02:08:35'),
(96, 'LOGOUT', 1, NULL, NULL, '[]', '172.20.10.6', 'Mozilla/5.0 (Windows NT 10.0; Win64; x64) AppleWebKit/537.36 (KHTML, like Gecko) Chrome/144.0.0.0 Safari/537.36 Edg/144.0.0.0', 'SUCCESS', NULL, '2026-02-05 03:34:42'),
(97, 'LOGIN_SUCCESS', 4, NULL, NULL, '{\"role\":\"EMPLOYEE\"}', '172.20.10.6', 'Mozilla/5.0 (Windows NT 10.0; Win64; x64) AppleWebKit/537.36 (KHTML, like Gecko) Chrome/144.0.0.0 Safari/537.36 Edg/144.0.0.0', 'SUCCESS', NULL, '2026-02-05 03:37:30'),
(98, 'LOGOUT', 4, NULL, NULL, '[]', '172.20.10.6', 'Mozilla/5.0 (Windows NT 10.0; Win64; x64) AppleWebKit/537.36 (KHTML, like Gecko) Chrome/144.0.0.0 Safari/537.36 Edg/144.0.0.0', 'SUCCESS', NULL, '2026-02-05 03:52:28'),
(99, 'LOGIN_SUCCESS', 1, NULL, NULL, '{\"role\":\"HR_ADMIN\"}', '172.20.10.6', 'Mozilla/5.0 (Windows NT 10.0; Win64; x64) AppleWebKit/537.36 (KHTML, like Gecko) Chrome/144.0.0.0 Safari/537.36 Edg/144.0.0.0', 'SUCCESS', NULL, '2026-02-05 03:52:31'),
(100, 'LOGOUT', 1, NULL, NULL, '[]', '172.20.10.6', 'Mozilla/5.0 (Windows NT 10.0; Win64; x64) AppleWebKit/537.36 (KHTML, like Gecko) Chrome/144.0.0.0 Safari/537.36 Edg/144.0.0.0', 'SUCCESS', NULL, '2026-02-05 03:52:52'),
(101, 'LOGIN_SUCCESS', 1, NULL, NULL, '{\"role\":\"HR_ADMIN\"}', '172.20.10.6', 'Mozilla/5.0 (Windows NT 10.0; Win64; x64) AppleWebKit/537.36 (KHTML, like Gecko) Chrome/144.0.0.0 Safari/537.36 Edg/144.0.0.0', 'SUCCESS', NULL, '2026-02-05 03:53:48'),
(102, 'LOGOUT', 1, NULL, NULL, '[]', '172.20.10.6', 'Mozilla/5.0 (Windows NT 10.0; Win64; x64) AppleWebKit/537.36 (KHTML, like Gecko) Chrome/144.0.0.0 Safari/537.36 Edg/144.0.0.0', 'SUCCESS', NULL, '2026-02-05 03:54:02'),
(103, 'LOGIN_SUCCESS', 4, NULL, NULL, '{\"role\":\"EMPLOYEE\"}', '172.20.10.6', 'Mozilla/5.0 (Windows NT 10.0; Win64; x64) AppleWebKit/537.36 (KHTML, like Gecko) Chrome/144.0.0.0 Safari/537.36 Edg/144.0.0.0', 'SUCCESS', NULL, '2026-02-05 03:54:08'),
(104, 'LOGOUT', 4, NULL, NULL, '[]', '172.20.10.6', 'Mozilla/5.0 (Windows NT 10.0; Win64; x64) AppleWebKit/537.36 (KHTML, like Gecko) Chrome/144.0.0.0 Safari/537.36 Edg/144.0.0.0', 'SUCCESS', NULL, '2026-02-05 03:57:33'),
(105, 'LOGIN_SUCCESS', 1, NULL, NULL, '{\"role\":\"HR_ADMIN\"}', '172.20.10.6', 'Mozilla/5.0 (Windows NT 10.0; Win64; x64) AppleWebKit/537.36 (KHTML, like Gecko) Chrome/144.0.0.0 Safari/537.36 Edg/144.0.0.0', 'SUCCESS', NULL, '2026-02-05 03:57:36'),
(106, 'LOGOUT', 1, NULL, NULL, '[]', '172.20.10.6', 'Mozilla/5.0 (Windows NT 10.0; Win64; x64) AppleWebKit/537.36 (KHTML, like Gecko) Chrome/144.0.0.0 Safari/537.36 Edg/144.0.0.0', 'SUCCESS', NULL, '2026-02-05 03:57:57'),
(107, 'LOGIN_SUCCESS', 4, NULL, NULL, '{\"role\":\"EMPLOYEE\"}', '172.20.10.6', 'Mozilla/5.0 (Windows NT 10.0; Win64; x64) AppleWebKit/537.36 (KHTML, like Gecko) Chrome/144.0.0.0 Safari/537.36 Edg/144.0.0.0', 'SUCCESS', NULL, '2026-02-05 03:57:59'),
(108, 'LOGOUT', 4, NULL, NULL, '[]', '172.20.10.6', 'Mozilla/5.0 (Windows NT 10.0; Win64; x64) AppleWebKit/537.36 (KHTML, like Gecko) Chrome/144.0.0.0 Safari/537.36 Edg/144.0.0.0', 'SUCCESS', NULL, '2026-02-05 03:58:27'),
(109, 'LOGIN_SUCCESS', 1, NULL, NULL, '{\"role\":\"HR_ADMIN\"}', '172.20.10.6', 'Mozilla/5.0 (Windows NT 10.0; Win64; x64) AppleWebKit/537.36 (KHTML, like Gecko) Chrome/144.0.0.0 Safari/537.36 Edg/144.0.0.0', 'SUCCESS', NULL, '2026-02-05 03:58:29'),
(110, 'LOGOUT', 1, NULL, NULL, '[]', '172.20.10.6', 'Mozilla/5.0 (Windows NT 10.0; Win64; x64) AppleWebKit/537.36 (KHTML, like Gecko) Chrome/144.0.0.0 Safari/537.36 Edg/144.0.0.0', 'SUCCESS', NULL, '2026-02-05 04:15:37'),
(111, 'LOGIN_SUCCESS', 5, NULL, NULL, '{\"role\":\"EMPLOYEE\"}', '172.20.10.6', 'Mozilla/5.0 (Windows NT 10.0; Win64; x64) AppleWebKit/537.36 (KHTML, like Gecko) Chrome/144.0.0.0 Safari/537.36 Edg/144.0.0.0', 'SUCCESS', NULL, '2026-02-05 04:22:20'),
(112, 'TIME_IN_SUCCESS', 5, 2, 12, '{\"method\":\"MANUAL\",\"status\":\"LATE\"}', '172.20.10.6', 'Mozilla/5.0 (Windows NT 10.0; Win64; x64) AppleWebKit/537.36 (KHTML, like Gecko) Chrome/144.0.0.0 Safari/537.36 Edg/144.0.0.0', 'SUCCESS', NULL, '2026-02-05 04:32:34'),
(113, 'TIME_IN_FAILED', 5, 2, NULL, '{\"reason\":\"Already timed in\"}', '172.20.10.6', 'Mozilla/5.0 (Windows NT 10.0; Win64; x64) AppleWebKit/537.36 (KHTML, like Gecko) Chrome/144.0.0.0 Safari/537.36 Edg/144.0.0.0', 'FAILED', 'Employee already has time in record for today', '2026-02-05 04:34:07'),
(114, 'LOGOUT', 5, NULL, NULL, '[]', '172.20.10.6', 'Mozilla/5.0 (Windows NT 10.0; Win64; x64) AppleWebKit/537.36 (KHTML, like Gecko) Chrome/144.0.0.0 Safari/537.36 Edg/144.0.0.0', 'SUCCESS', NULL, '2026-02-05 04:39:57'),
(115, 'LOGIN_SUCCESS', 1, NULL, NULL, '{\"role\":\"HR_ADMIN\"}', '172.20.10.6', 'Mozilla/5.0 (Windows NT 10.0; Win64; x64) AppleWebKit/537.36 (KHTML, like Gecko) Chrome/144.0.0.0 Safari/537.36 Edg/144.0.0.0', 'SUCCESS', NULL, '2026-02-05 04:40:09'),
(116, 'LOGOUT', 1, NULL, NULL, '[]', '172.20.10.6', 'Mozilla/5.0 (Windows NT 10.0; Win64; x64) AppleWebKit/537.36 (KHTML, like Gecko) Chrome/144.0.0.0 Safari/537.36 Edg/144.0.0.0', 'SUCCESS', NULL, '2026-02-05 04:48:15'),
(117, 'LOGIN_SUCCESS', 1, NULL, NULL, '{\"role\":\"HR_ADMIN\"}', '172.20.10.6', 'Mozilla/5.0 (Windows NT 10.0; Win64; x64) AppleWebKit/537.36 (KHTML, like Gecko) Chrome/144.0.0.0 Safari/537.36 Edg/144.0.0.0', 'SUCCESS', NULL, '2026-02-05 04:53:14'),
(118, 'LOGOUT', 1, NULL, NULL, '[]', '172.20.10.6', 'Mozilla/5.0 (Windows NT 10.0; Win64; x64) AppleWebKit/537.36 (KHTML, like Gecko) Chrome/144.0.0.0 Safari/537.36 Edg/144.0.0.0', 'SUCCESS', NULL, '2026-02-05 04:54:29'),
(119, 'LOGIN_SUCCESS', 4, NULL, NULL, '{\"role\":\"EMPLOYEE\"}', '172.20.10.6', 'Mozilla/5.0 (Windows NT 10.0; Win64; x64) AppleWebKit/537.36 (KHTML, like Gecko) Chrome/144.0.0.0 Safari/537.36 Edg/144.0.0.0', 'SUCCESS', NULL, '2026-02-05 05:00:49'),
(120, 'LOGOUT', 4, NULL, NULL, '[]', '172.20.10.6', 'Mozilla/5.0 (Windows NT 10.0; Win64; x64) AppleWebKit/537.36 (KHTML, like Gecko) Chrome/144.0.0.0 Safari/537.36 Edg/144.0.0.0', 'SUCCESS', NULL, '2026-02-05 05:09:05'),
(121, 'LOGIN_SUCCESS', 1, NULL, NULL, '{\"role\":\"HR_ADMIN\"}', '172.20.10.6', 'Mozilla/5.0 (Windows NT 10.0; Win64; x64) AppleWebKit/537.36 (KHTML, like Gecko) Chrome/144.0.0.0 Safari/537.36 Edg/144.0.0.0', 'SUCCESS', NULL, '2026-02-05 05:09:28'),
(122, 'LOGOUT', 1, NULL, NULL, '[]', '172.20.10.6', 'Mozilla/5.0 (Windows NT 10.0; Win64; x64) AppleWebKit/537.36 (KHTML, like Gecko) Chrome/144.0.0.0 Safari/537.36 Edg/144.0.0.0', 'SUCCESS', NULL, '2026-02-05 05:09:37'),
(123, 'LOGIN_SUCCESS', 9, NULL, NULL, '{\"role\":\"EMPLOYEE\"}', '172.20.10.6', 'Mozilla/5.0 (Windows NT 10.0; Win64; x64) AppleWebKit/537.36 (KHTML, like Gecko) Chrome/144.0.0.0 Safari/537.36 Edg/144.0.0.0', 'SUCCESS', NULL, '2026-02-05 05:09:46'),
(124, 'LOGOUT', 9, NULL, NULL, '[]', '172.20.10.6', 'Mozilla/5.0 (Windows NT 10.0; Win64; x64) AppleWebKit/537.36 (KHTML, like Gecko) Chrome/144.0.0.0 Safari/537.36 Edg/144.0.0.0', 'SUCCESS', NULL, '2026-02-05 05:31:03'),
(125, 'LOGIN_SUCCESS', 1, NULL, NULL, '{\"role\":\"HR_ADMIN\"}', '172.20.10.6', 'Mozilla/5.0 (Windows NT 10.0; Win64; x64) AppleWebKit/537.36 (KHTML, like Gecko) Chrome/144.0.0.0 Safari/537.36 Edg/144.0.0.0', 'SUCCESS', NULL, '2026-02-05 05:31:31'),
(126, 'LOGOUT', 1, NULL, NULL, '[]', '172.20.10.6', 'Mozilla/5.0 (Windows NT 10.0; Win64; x64) AppleWebKit/537.36 (KHTML, like Gecko) Chrome/144.0.0.0 Safari/537.36 Edg/144.0.0.0', 'SUCCESS', NULL, '2026-02-05 05:33:03'),
(127, 'LOGIN_SUCCESS', 4, NULL, NULL, '{\"role\":\"EMPLOYEE\"}', '172.20.10.1', 'Mozilla/5.0 (iPhone; CPU iPhone OS 16_7_12 like Mac OS X) AppleWebKit/605.1.15 (KHTML, like Gecko) Version/16.6.1 Mobile/15E148 Safari/604.1', 'SUCCESS', NULL, '2026-02-05 06:26:24'),
(128, 'LOGIN_SUCCESS', 1, NULL, NULL, '{\"role\":\"HR_ADMIN\"}', '::1', 'Mozilla/5.0 (Windows NT 10.0; Win64; x64) AppleWebKit/537.36 (KHTML, like Gecko) Chrome/144.0.0.0 Safari/537.36 Edg/144.0.0.0', 'SUCCESS', NULL, '2026-02-05 06:39:35'),
(129, 'LOGIN_SUCCESS', 1, NULL, NULL, '{\"role\":\"HR_ADMIN\"}', '172.20.10.6', 'Mozilla/5.0 (Windows NT 10.0; Win64; x64) AppleWebKit/537.36 (KHTML, like Gecko) Chrome/144.0.0.0 Safari/537.36 Edg/144.0.0.0', 'SUCCESS', NULL, '2026-02-05 06:45:22'),
(130, 'LOGIN_SUCCESS', 4, NULL, NULL, '{\"role\":\"EMPLOYEE\"}', '172.20.10.1', 'Mozilla/5.0 (iPhone; CPU iPhone OS 16_7_12 like Mac OS X) AppleWebKit/605.1.15 (KHTML, like Gecko) Version/16.6.1 Mobile/15E148 Safari/604.1', 'SUCCESS', NULL, '2026-02-05 07:31:10'),
(131, 'LOGOUT', 1, NULL, NULL, '[]', '172.20.10.6', 'Mozilla/5.0 (Windows NT 10.0; Win64; x64) AppleWebKit/537.36 (KHTML, like Gecko) Chrome/144.0.0.0 Safari/537.36 Edg/144.0.0.0', 'SUCCESS', NULL, '2026-02-05 07:37:29'),
(132, 'LOGIN_SUCCESS', 4, NULL, NULL, '{\"role\":\"EMPLOYEE\"}', '172.20.10.6', 'Mozilla/5.0 (Windows NT 10.0; Win64; x64) AppleWebKit/537.36 (KHTML, like Gecko) Chrome/144.0.0.0 Safari/537.36 Edg/144.0.0.0', 'SUCCESS', NULL, '2026-02-05 07:37:31'),
(133, 'LOGOUT', 4, NULL, NULL, '[]', '172.20.10.6', 'Mozilla/5.0 (Windows NT 10.0; Win64; x64) AppleWebKit/537.36 (KHTML, like Gecko) Chrome/144.0.0.0 Safari/537.36 Edg/144.0.0.0', 'SUCCESS', NULL, '2026-02-05 07:38:16'),
(134, 'LOGIN_SUCCESS', 1, NULL, NULL, '{\"role\":\"HR_ADMIN\"}', '172.20.10.6', 'Mozilla/5.0 (Windows NT 10.0; Win64; x64) AppleWebKit/537.36 (KHTML, like Gecko) Chrome/144.0.0.0 Safari/537.36 Edg/144.0.0.0', 'SUCCESS', NULL, '2026-02-05 07:38:18'),
(135, 'LOGIN_SUCCESS', 5, NULL, NULL, '{\"role\":\"EMPLOYEE\"}', '172.20.10.1', 'Mozilla/5.0 (iPhone; CPU iPhone OS 16_7_12 like Mac OS X) AppleWebKit/605.1.15 (KHTML, like Gecko) Version/16.6.1 Mobile/15E148 Safari/604.1', 'SUCCESS', NULL, '2026-02-05 07:44:51'),
(136, 'LOGIN_SUCCESS', 4, NULL, NULL, '{\"role\":\"EMPLOYEE\"}', '172.20.10.1', 'Mozilla/5.0 (iPhone; CPU iPhone OS 16_7_12 like Mac OS X) AppleWebKit/605.1.15 (KHTML, like Gecko) Version/16.6.1 Mobile/15E148 Safari/604.1', 'SUCCESS', NULL, '2026-02-05 07:45:29'),
(137, 'LOGIN_SUCCESS', 4, NULL, NULL, '{\"role\":\"EMPLOYEE\"}', '172.20.10.9', 'Mozilla/5.0 (Linux; Android 10; K) AppleWebKit/537.36 (KHTML, like Gecko) Chrome/144.0.0.0 Mobile Safari/537.36', 'SUCCESS', NULL, '2026-02-05 07:59:54'),
(138, 'LOGOUT', 1, NULL, NULL, '[]', '172.20.10.6', 'Mozilla/5.0 (Windows NT 10.0; Win64; x64) AppleWebKit/537.36 (KHTML, like Gecko) Chrome/144.0.0.0 Safari/537.36 Edg/144.0.0.0', 'SUCCESS', NULL, '2026-02-05 08:05:03'),
(139, 'LOGIN_SUCCESS', 4, NULL, NULL, '{\"role\":\"EMPLOYEE\"}', '172.20.10.6', 'Mozilla/5.0 (Windows NT 10.0; Win64; x64) AppleWebKit/537.36 (KHTML, like Gecko) Chrome/144.0.0.0 Safari/537.36 Edg/144.0.0.0', 'SUCCESS', NULL, '2026-02-05 08:05:06'),
(140, 'LOGOUT', 4, NULL, NULL, '[]', '172.20.10.6', 'Mozilla/5.0 (Windows NT 10.0; Win64; x64) AppleWebKit/537.36 (KHTML, like Gecko) Chrome/144.0.0.0 Safari/537.36 Edg/144.0.0.0', 'SUCCESS', NULL, '2026-02-05 08:06:18'),
(141, 'LOGIN_SUCCESS', 1, NULL, NULL, '{\"role\":\"HR_ADMIN\"}', '172.20.10.6', 'Mozilla/5.0 (Windows NT 10.0; Win64; x64) AppleWebKit/537.36 (KHTML, like Gecko) Chrome/144.0.0.0 Safari/537.36 Edg/144.0.0.0', 'SUCCESS', NULL, '2026-02-05 08:06:21'),
(142, 'LOGIN_SUCCESS', 4, NULL, NULL, '{\"role\":\"EMPLOYEE\"}', '172.20.10.1', 'Mozilla/5.0 (iPhone; CPU iPhone OS 16_7_12 like Mac OS X) AppleWebKit/605.1.15 (KHTML, like Gecko) Version/16.6.1 Mobile/15E148 Safari/604.1', 'SUCCESS', NULL, '2026-02-05 08:06:36'),
(143, 'LOGIN_SUCCESS', 1, NULL, NULL, '{\"role\":\"HR_ADMIN\"}', '172.20.10.6', 'Mozilla/5.0 (Windows NT 10.0; Win64; x64) AppleWebKit/537.36 (KHTML, like Gecko) Chrome/144.0.0.0 Safari/537.36 Edg/144.0.0.0', 'SUCCESS', NULL, '2026-02-05 08:44:12'),
(144, 'LOGIN_SUCCESS', 9, NULL, NULL, '{\"role\":\"EMPLOYEE\"}', '172.20.10.1', 'Mozilla/5.0 (iPhone; CPU iPhone OS 16_7_12 like Mac OS X) AppleWebKit/605.1.15 (KHTML, like Gecko) Version/16.6.1 Mobile/15E148 Safari/604.1', 'SUCCESS', NULL, '2026-02-05 08:46:35'),
(145, 'LOGOUT', 1, NULL, NULL, '[]', '172.20.10.6', 'Mozilla/5.0 (Windows NT 10.0; Win64; x64) AppleWebKit/537.36 (KHTML, like Gecko) Chrome/144.0.0.0 Safari/537.36 Edg/144.0.0.0', 'SUCCESS', NULL, '2026-02-05 08:47:58'),
(146, 'LOGIN_SUCCESS', 4, NULL, NULL, '{\"role\":\"EMPLOYEE\"}', '172.20.10.6', 'Mozilla/5.0 (Windows NT 10.0; Win64; x64) AppleWebKit/537.36 (KHTML, like Gecko) Chrome/144.0.0.0 Safari/537.36 Edg/144.0.0.0', 'SUCCESS', NULL, '2026-02-05 08:48:02'),
(147, 'LOGOUT', 4, NULL, NULL, '[]', '172.20.10.6', 'Mozilla/5.0 (Windows NT 10.0; Win64; x64) AppleWebKit/537.36 (KHTML, like Gecko) Chrome/144.0.0.0 Safari/537.36 Edg/144.0.0.0', 'SUCCESS', NULL, '2026-02-05 08:50:47'),
(148, 'LOGIN_SUCCESS', 1, NULL, NULL, '{\"role\":\"HR_ADMIN\"}', '172.20.10.6', 'Mozilla/5.0 (Windows NT 10.0; Win64; x64) AppleWebKit/537.36 (KHTML, like Gecko) Chrome/144.0.0.0 Safari/537.36 Edg/144.0.0.0', 'SUCCESS', NULL, '2026-02-05 08:51:09'),
(149, 'LOGOUT', 1, NULL, NULL, '[]', '172.20.10.6', 'Mozilla/5.0 (Windows NT 10.0; Win64; x64) AppleWebKit/537.36 (KHTML, like Gecko) Chrome/144.0.0.0 Safari/537.36 Edg/144.0.0.0', 'SUCCESS', NULL, '2026-02-05 08:55:30'),
(150, 'LOGIN_SUCCESS', 1, NULL, NULL, '{\"role\":\"HR_ADMIN\"}', '172.20.10.6', 'Mozilla/5.0 (Windows NT 10.0; Win64; x64) AppleWebKit/537.36 (KHTML, like Gecko) Chrome/144.0.0.0 Safari/537.36 Edg/144.0.0.0', 'SUCCESS', NULL, '2026-02-05 08:55:34'),
(151, 'LOGOUT', 1, NULL, NULL, '[]', '172.20.10.6', 'Mozilla/5.0 (Windows NT 10.0; Win64; x64) AppleWebKit/537.36 (KHTML, like Gecko) Chrome/144.0.0.0 Safari/537.36 Edg/144.0.0.0', 'SUCCESS', NULL, '2026-02-05 08:57:13'),
(152, 'LOGIN_SUCCESS', 1, NULL, NULL, '{\"role\":\"HR_ADMIN\"}', '172.20.10.6', 'Mozilla/5.0 (Windows NT 10.0; Win64; x64) AppleWebKit/537.36 (KHTML, like Gecko) Chrome/144.0.0.0 Safari/537.36 Edg/144.0.0.0', 'SUCCESS', NULL, '2026-02-05 09:47:21'),
(153, 'LOGIN_SUCCESS', 9, NULL, NULL, '{\"role\":\"EMPLOYEE\"}', '172.20.10.1', 'Mozilla/5.0 (iPhone; CPU iPhone OS 16_7_12 like Mac OS X) AppleWebKit/605.1.15 (KHTML, like Gecko) Version/16.6.1 Mobile/15E148 Safari/604.1', 'SUCCESS', NULL, '2026-02-05 09:48:41'),
(154, 'LOGIN_SUCCESS', 7, NULL, NULL, '{\"role\":\"EMPLOYEE\"}', '192.168.1.11', 'Mozilla/5.0 (Windows NT 10.0; Win64; x64) AppleWebKit/537.36 (KHTML, like Gecko) Chrome/144.0.0.0 Safari/537.36 Edg/144.0.0.0', 'SUCCESS', NULL, '2026-02-06 14:49:14'),
(155, 'LOGOUT', 7, NULL, NULL, '[]', '192.168.1.11', 'Mozilla/5.0 (Windows NT 10.0; Win64; x64) AppleWebKit/537.36 (KHTML, like Gecko) Chrome/144.0.0.0 Safari/537.36 Edg/144.0.0.0', 'SUCCESS', NULL, '2026-02-06 14:49:58'),
(156, 'LOGIN_SUCCESS', 1, NULL, NULL, '{\"role\":\"HR_ADMIN\"}', '192.168.1.11', 'Mozilla/5.0 (Windows NT 10.0; Win64; x64) AppleWebKit/537.36 (KHTML, like Gecko) Chrome/144.0.0.0 Safari/537.36 Edg/144.0.0.0', 'SUCCESS', NULL, '2026-02-06 14:50:08'),
(157, 'LOGIN_SUCCESS', 4, NULL, NULL, '{\"role\":\"EMPLOYEE\"}', '192.168.1.25', 'Mozilla/5.0 (Linux; Android 10; K) AppleWebKit/537.36 (KHTML, like Gecko) Chrome/144.0.0.0 Mobile Safari/537.36', 'SUCCESS', NULL, '2026-02-06 14:51:23'),
(158, 'LOGOUT', 1, NULL, NULL, '[]', '192.168.1.11', 'Mozilla/5.0 (Windows NT 10.0; Win64; x64) AppleWebKit/537.36 (KHTML, like Gecko) Chrome/144.0.0.0 Safari/537.36 Edg/144.0.0.0', 'SUCCESS', NULL, '2026-02-06 15:01:52'),
(159, 'LOGIN_SUCCESS', 1, NULL, NULL, '{\"role\":\"HR_ADMIN\"}', '192.168.1.11', 'Mozilla/5.0 (Windows NT 10.0; Win64; x64) AppleWebKit/537.36 (KHTML, like Gecko) Chrome/144.0.0.0 Safari/537.36 Edg/144.0.0.0', 'SUCCESS', NULL, '2026-02-06 15:02:03'),
(160, 'LOGIN_SUCCESS', 1, NULL, NULL, '{\"role\":\"HR_ADMIN\"}', '192.168.1.9', 'Mozilla/5.0 (Windows NT 10.0; Win64; x64) AppleWebKit/537.36 (KHTML, like Gecko) Chrome/144.0.0.0 Safari/537.36 Edg/144.0.0.0', 'SUCCESS', NULL, '2026-02-06 16:58:40'),
(161, 'LOGIN_SUCCESS', 1, NULL, NULL, '{\"role\":\"HR_ADMIN\"}', '192.168.1.15', 'Mozilla/5.0 (Windows NT 10.0; Win64; x64) AppleWebKit/537.36 (KHTML, like Gecko) Chrome/144.0.0.0 Safari/537.36 Edg/144.0.0.0', 'SUCCESS', NULL, '2026-02-08 09:43:35'),
(162, 'LOGIN_SUCCESS', 1, NULL, NULL, '{\"role\":\"HR_ADMIN\"}', '172.24.93.98', 'Mozilla/5.0 (Windows NT 10.0; Win64; x64) AppleWebKit/537.36 (KHTML, like Gecko) Chrome/144.0.0.0 Safari/537.36 Edg/144.0.0.0', 'SUCCESS', NULL, '2026-02-09 11:34:51'),
(163, 'LOGOUT', 1, NULL, NULL, '[]', '172.24.93.98', 'Mozilla/5.0 (Windows NT 10.0; Win64; x64) AppleWebKit/537.36 (KHTML, like Gecko) Chrome/144.0.0.0 Safari/537.36 Edg/144.0.0.0', 'SUCCESS', NULL, '2026-02-09 11:41:52'),
(164, 'LOGIN_SUCCESS', 4, NULL, NULL, '{\"role\":\"EMPLOYEE\"}', '172.24.93.98', 'Mozilla/5.0 (Windows NT 10.0; Win64; x64) AppleWebKit/537.36 (KHTML, like Gecko) Chrome/144.0.0.0 Safari/537.36 Edg/144.0.0.0', 'SUCCESS', NULL, '2026-02-09 11:42:00'),
(165, 'LOGOUT', 4, NULL, NULL, '[]', '172.24.93.98', 'Mozilla/5.0 (Windows NT 10.0; Win64; x64) AppleWebKit/537.36 (KHTML, like Gecko) Chrome/144.0.0.0 Safari/537.36 Edg/144.0.0.0', 'SUCCESS', NULL, '2026-02-09 11:42:32'),
(166, 'LOGIN_SUCCESS', 1, NULL, NULL, '{\"role\":\"HR_ADMIN\"}', '172.24.93.98', 'Mozilla/5.0 (Windows NT 10.0; Win64; x64) AppleWebKit/537.36 (KHTML, like Gecko) Chrome/144.0.0.0 Safari/537.36 Edg/144.0.0.0', 'SUCCESS', NULL, '2026-02-09 11:42:40'),
(167, 'LOGIN_SUCCESS', 1, NULL, NULL, '{\"role\":\"HR_ADMIN\"}', '172.20.10.6', 'Mozilla/5.0 (Windows NT 10.0; Win64; x64) AppleWebKit/537.36 (KHTML, like Gecko) Chrome/144.0.0.0 Safari/537.36 Edg/144.0.0.0', 'SUCCESS', NULL, '2026-02-12 09:10:05'),
(168, 'LOGIN_SUCCESS', 9, NULL, NULL, '{\"role\":\"EMPLOYEE\"}', '172.20.10.1', 'Mozilla/5.0 (iPhone; CPU iPhone OS 16_7_14 like Mac OS X) AppleWebKit/605.1.15 (KHTML, like Gecko) Version/16.6.1 Mobile/15E148 Safari/604.1', 'SUCCESS', NULL, '2026-02-12 09:10:31');

-- --------------------------------------------------------

--
-- Table structure for table `department_heads`
--

CREATE TABLE `department_heads` (
  `dept_head_id` int(11) NOT NULL,
  `user_id` int(11) NOT NULL,
  `department` varchar(100) NOT NULL,
  `supervises_from` date DEFAULT NULL,
  `supervises_until` date DEFAULT NULL,
  `is_active` tinyint(1) DEFAULT 1,
  `created_at` timestamp NOT NULL DEFAULT current_timestamp()
) ENGINE=InnoDB DEFAULT CHARSET=utf8mb4 COLLATE=utf8mb4_general_ci;

-- --------------------------------------------------------

--
-- Table structure for table `employees`
--

CREATE TABLE `employees` (
  `employee_id` int(11) NOT NULL,
  `user_id` int(11) NOT NULL,
  `first_name` varchar(50) NOT NULL,
  `last_name` varchar(50) NOT NULL,
  `email` varchar(100) DEFAULT NULL,
  `phone` varchar(15) DEFAULT NULL,
  `department` varchar(100) DEFAULT NULL,
  `position` varchar(100) DEFAULT NULL,
  `employee_number` varchar(20) DEFAULT NULL,
  `hire_date` date DEFAULT NULL,
  `salary_grade` varchar(20) DEFAULT NULL,
  `working_hours_per_day` int(11) DEFAULT 8,
  `status` enum('ACTIVE','INACTIVE','ON_LEAVE') NOT NULL DEFAULT 'ACTIVE',
  `created_at` timestamp NOT NULL DEFAULT current_timestamp(),
  `updated_at` timestamp NOT NULL DEFAULT current_timestamp() ON UPDATE current_timestamp()
) ENGINE=InnoDB DEFAULT CHARSET=utf8mb4 COLLATE=utf8mb4_general_ci;

--
-- Dumping data for table `employees`
--

INSERT INTO `employees` (`employee_id`, `user_id`, `first_name`, `last_name`, `email`, `phone`, `department`, `position`, `employee_number`, `hire_date`, `salary_grade`, `working_hours_per_day`, `status`, `created_at`, `updated_at`) VALUES
(1, 4, 'Natalie Nicole', 'Nomura', NULL, NULL, 'Psychology', 'Psychologist', 'EMP001', '2023-01-15', NULL, 8, 'ACTIVE', '2026-01-28 02:35:05', '2026-02-09 11:41:38'),
(2, 5, 'Maria', 'Santos', NULL, NULL, 'HR', 'HR Officer', 'EMP002', '2023-02-20', NULL, 8, 'ACTIVE', '2026-01-28 02:35:05', '2026-01-28 02:35:05'),
(3, 6, 'Carlos', 'Garcia', NULL, NULL, 'Academic', 'Teacher - Math', 'EMP003', '2023-03-10', NULL, 8, 'ACTIVE', '2026-01-28 02:35:05', '2026-01-28 02:35:05'),
(4, 7, 'Ana', 'Lopez', NULL, NULL, 'Academic', 'Teacher - English', 'EMP004', '2023-03-10', NULL, 8, 'ACTIVE', '2026-01-28 02:35:05', '2026-01-28 02:35:05'),
(5, 8, 'Roberto', 'Martinez', NULL, NULL, 'IT', 'System Administrator', 'EMP005', '2023-04-05', NULL, 8, 'ACTIVE', '2026-01-28 02:35:05', '2026-01-28 02:35:05'),
(6, 9, 'Sofia', 'Rodriguez', NULL, NULL, 'Finance', 'Accountant', 'EMP006', '2023-04-12', NULL, 8, 'ACTIVE', '2026-01-28 02:35:05', '2026-01-28 02:35:05'),
(7, 10, 'Miguel', 'Fernandez', NULL, NULL, 'Academic', 'Teacher - Science', 'EMP007', '2023-05-01', NULL, 8, 'ACTIVE', '2026-01-28 02:35:05', '2026-01-28 02:35:05'),
(8, 11, 'Isabella', 'Morales', NULL, NULL, 'Admin', 'Administrative Assistant', 'EMP008', '2023-05-15', NULL, 8, 'ACTIVE', '2026-01-28 02:35:05', '2026-01-28 02:35:05'),
(9, 12, 'Diego', 'Reyes', NULL, NULL, 'IT', 'IT Support', 'EMP009', '2023-06-01', NULL, 8, 'ACTIVE', '2026-01-28 02:35:05', '2026-01-28 02:35:05');

-- --------------------------------------------------------

--
-- Table structure for table `holidays`
--

CREATE TABLE `holidays` (
  `holiday_id` int(11) NOT NULL,
  `holiday_date` date NOT NULL,
  `holiday_name` varchar(100) NOT NULL,
  `description` varchar(255) DEFAULT NULL,
  `is_working_day` tinyint(1) DEFAULT 0,
  `year` int(11) NOT NULL,
  `created_at` timestamp NOT NULL DEFAULT current_timestamp()
) ENGINE=InnoDB DEFAULT CHARSET=utf8mb4 COLLATE=utf8mb4_general_ci;

-- --------------------------------------------------------

--
-- Table structure for table `leave_balances`
--

CREATE TABLE `leave_balances` (
  `balance_id` int(11) NOT NULL,
  `employee_id` int(11) NOT NULL,
  `leave_type_id` int(11) NOT NULL,
  `year` int(11) NOT NULL,
  `total_days` int(11) NOT NULL DEFAULT 0,
  `used_days` int(11) NOT NULL DEFAULT 0,
  `remaining_days` int(11) NOT NULL DEFAULT 0,
  `created_at` timestamp NOT NULL DEFAULT current_timestamp(),
  `updated_at` timestamp NOT NULL DEFAULT current_timestamp() ON UPDATE current_timestamp()
) ENGINE=InnoDB DEFAULT CHARSET=utf8mb4 COLLATE=utf8mb4_general_ci;

-- --------------------------------------------------------

--
-- Table structure for table `leave_requests`
--

CREATE TABLE `leave_requests` (
  `leave_request_id` int(11) NOT NULL,
  `employee_id` int(11) NOT NULL,
  `leave_type_id` int(11) NOT NULL,
  `start_date` date NOT NULL,
  `end_date` date NOT NULL,
  `reason` varchar(500) DEFAULT NULL,
  `total_days` int(11) NOT NULL,
  `status` enum('PENDING','APPROVED_BY_HEAD','APPROVED_BY_HR','REJECTED','CANCELLED') NOT NULL DEFAULT 'PENDING',
  `submitted_at` datetime DEFAULT current_timestamp(),
  `department_head_id` int(11) DEFAULT NULL,
  `department_head_approval_date` datetime DEFAULT NULL,
  `department_head_remarks` varchar(500) DEFAULT NULL,
  `hr_admin_id` int(11) DEFAULT NULL,
  `hr_admin_approval_date` datetime DEFAULT NULL,
  `hr_admin_remarks` varchar(500) DEFAULT NULL,
  `created_at` timestamp NOT NULL DEFAULT current_timestamp(),
  `updated_at` timestamp NOT NULL DEFAULT current_timestamp() ON UPDATE current_timestamp()
) ENGINE=InnoDB DEFAULT CHARSET=utf8mb4 COLLATE=utf8mb4_general_ci;

--
-- Dumping data for table `leave_requests`
--

INSERT INTO `leave_requests` (`leave_request_id`, `employee_id`, `leave_type_id`, `start_date`, `end_date`, `reason`, `total_days`, `status`, `submitted_at`, `department_head_id`, `department_head_approval_date`, `department_head_remarks`, `hr_admin_id`, `hr_admin_approval_date`, `hr_admin_remarks`, `created_at`, `updated_at`) VALUES
(1, 1, 3, '2026-02-09', '2026-02-12', '', 4, 'PENDING', '2026-02-05 11:58:25', NULL, NULL, NULL, NULL, NULL, NULL, '2026-02-05 03:58:25', '2026-02-05 03:58:25');

-- --------------------------------------------------------

--
-- Table structure for table `leave_types`
--

CREATE TABLE `leave_types` (
  `leave_type_id` int(11) NOT NULL,
  `leave_type_name` varchar(50) NOT NULL,
  `description` varchar(255) DEFAULT NULL,
  `days_per_year` int(11) NOT NULL DEFAULT 10,
  `is_deductible` tinyint(1) DEFAULT 1,
  `requires_approval` tinyint(1) DEFAULT 1,
  `created_at` timestamp NOT NULL DEFAULT current_timestamp()
) ENGINE=InnoDB DEFAULT CHARSET=utf8mb4 COLLATE=utf8mb4_general_ci;

--
-- Dumping data for table `leave_types`
--

INSERT INTO `leave_types` (`leave_type_id`, `leave_type_name`, `description`, `days_per_year`, `is_deductible`, `requires_approval`, `created_at`) VALUES
(1, 'Sick Leave', 'For medical reasons and illness', 10, 1, 1, '2026-02-04 06:22:44'),
(2, 'Vacation Leave', 'Annual paid time off', 10, 1, 1, '2026-02-04 06:22:44'),
(3, 'Emergency Leave', 'For unforeseen circumstances', 5, 1, 1, '2026-02-04 06:22:44');

-- --------------------------------------------------------

--
-- Table structure for table `notifications`
--

CREATE TABLE `notifications` (
  `notification_id` int(11) NOT NULL,
  `user_id` int(11) DEFAULT NULL,
  `employee_id` int(11) DEFAULT NULL,
  `notification_type` varchar(50) NOT NULL,
  `title` varchar(255) NOT NULL,
  `message` text NOT NULL,
  `related_id` int(11) DEFAULT NULL,
  `related_type` varchar(50) DEFAULT NULL,
  `is_read` tinyint(1) DEFAULT 0,
  `send_via_email` tinyint(1) DEFAULT 1,
  `send_via_sms` tinyint(1) DEFAULT 1,
  `email_sent` tinyint(1) DEFAULT 0,
  `sms_sent` tinyint(1) DEFAULT 0,
  `sms_status` enum('QUEUED','SENT','FAILED','SIMULATED') DEFAULT 'QUEUED',
  `email_status` enum('QUEUED','SENT','FAILED') DEFAULT 'QUEUED',
  `created_at` timestamp NOT NULL DEFAULT current_timestamp(),
  `sent_at` datetime DEFAULT NULL,
  `read_at` datetime DEFAULT NULL
) ENGINE=InnoDB DEFAULT CHARSET=utf8mb4 COLLATE=utf8mb4_general_ci;

-- --------------------------------------------------------

--
-- Table structure for table `users`
--

CREATE TABLE `users` (
  `user_id` int(11) NOT NULL,
  `username` varchar(50) NOT NULL,
  `password` varchar(255) NOT NULL,
  `email` varchar(100) DEFAULT NULL,
  `role` enum('HR_ADMIN','EMPLOYEE') NOT NULL DEFAULT 'EMPLOYEE',
  `status` enum('ACTIVE','INACTIVE','PENDING') NOT NULL DEFAULT 'PENDING',
  `created_at` timestamp NOT NULL DEFAULT current_timestamp(),
  `updated_at` timestamp NOT NULL DEFAULT current_timestamp() ON UPDATE current_timestamp()
) ENGINE=InnoDB DEFAULT CHARSET=utf8mb4 COLLATE=utf8mb4_general_ci;

--
-- Dumping data for table `users`
--

INSERT INTO `users` (`user_id`, `username`, `password`, `email`, `role`, `status`, `created_at`, `updated_at`) VALUES
(1, 'hr_admin', '$2y$10$op.o7AwBuNgNJ4mxdREmiuSYvj1oPQ67IgF36MjSz2KJtHb4tywJ2', 'admin@school.edu', 'HR_ADMIN', 'ACTIVE', '2026-01-28 02:35:05', '2026-01-28 02:42:49'),
(2, 'hr_supervisor', '$2y$10$op.o7AwBuNgNJ4mxdREmiuSYvj1oPQ67IgF36MjSz2KJtHb4tywJ2', 'supervisor@school.edu', 'HR_ADMIN', 'ACTIVE', '2026-01-28 02:35:05', '2026-01-28 02:42:49'),
(3, 'hr_manager', '$2y$10$op.o7AwBuNgNJ4mxdREmiuSYvj1oPQ67IgF36MjSz2KJtHb4tywJ2', 'manager@school.edu', 'HR_ADMIN', 'ACTIVE', '2026-01-28 02:35:05', '2026-01-28 02:42:49'),
(4, 'emp1', '$2y$10$op.o7AwBuNgNJ4mxdREmiuSYvj1oPQ67IgF36MjSz2KJtHb4tywJ2', 'emp1@school.edu', 'EMPLOYEE', 'ACTIVE', '2026-01-28 02:35:05', '2026-01-28 02:42:49'),
(5, 'emp2', '$2y$10$op.o7AwBuNgNJ4mxdREmiuSYvj1oPQ67IgF36MjSz2KJtHb4tywJ2', 'emp2@school.edu', 'EMPLOYEE', 'ACTIVE', '2026-01-28 02:35:05', '2026-01-28 02:42:49'),
(6, 'emp3', '$2y$10$op.o7AwBuNgNJ4mxdREmiuSYvj1oPQ67IgF36MjSz2KJtHb4tywJ2', 'emp3@school.edu', 'EMPLOYEE', 'ACTIVE', '2026-01-28 02:35:05', '2026-01-28 02:42:49'),
(7, 'emp4', '$2y$10$op.o7AwBuNgNJ4mxdREmiuSYvj1oPQ67IgF36MjSz2KJtHb4tywJ2', 'emp4@school.edu', 'EMPLOYEE', 'ACTIVE', '2026-01-28 02:35:05', '2026-01-28 02:42:49'),
(8, 'emp5', '$2y$10$op.o7AwBuNgNJ4mxdREmiuSYvj1oPQ67IgF36MjSz2KJtHb4tywJ2', 'emp5@school.edu', 'EMPLOYEE', 'ACTIVE', '2026-01-28 02:35:05', '2026-01-28 02:42:49'),
(9, 'emp6', '$2y$10$op.o7AwBuNgNJ4mxdREmiuSYvj1oPQ67IgF36MjSz2KJtHb4tywJ2', 'emp6@school.edu', 'EMPLOYEE', 'ACTIVE', '2026-01-28 02:35:05', '2026-01-28 02:42:49'),
(10, 'emp7', '$2y$10$op.o7AwBuNgNJ4mxdREmiuSYvj1oPQ67IgF36MjSz2KJtHb4tywJ2', 'emp7@school.edu', 'EMPLOYEE', 'ACTIVE', '2026-01-28 02:35:05', '2026-01-28 02:42:49'),
(11, 'emp8', '$2y$10$op.o7AwBuNgNJ4mxdREmiuSYvj1oPQ67IgF36MjSz2KJtHb4tywJ2', 'emp8@school.edu', 'EMPLOYEE', 'ACTIVE', '2026-01-28 02:35:05', '2026-01-28 02:42:49'),
(12, 'emp9', '$2y$10$op.o7AwBuNgNJ4mxdREmiuSYvj1oPQ67IgF36MjSz2KJtHb4tywJ2', 'emp9@school.edu', 'EMPLOYEE', 'ACTIVE', '2026-01-28 02:35:05', '2026-01-28 02:42:49');

--
-- Indexes for dumped tables
--

--
-- Indexes for table `attendance`
--
ALTER TABLE `attendance`
  ADD PRIMARY KEY (`attendance_id`),
  ADD UNIQUE KEY `unique_attendance_per_day` (`employee_id`,`attendance_date`),
  ADD KEY `approved_by` (`approved_by`),
  ADD KEY `idx_attendance_date` (`attendance_date`),
  ADD KEY `idx_status` (`status`),
  ADD KEY `idx_is_approved` (`is_approved`);

--
-- Indexes for table `attendance_tokens`
--
ALTER TABLE `attendance_tokens`
  ADD PRIMARY KEY (`token_id`),
  ADD UNIQUE KEY `token` (`token`),
  ADD KEY `generated_by` (`generated_by`),
  ADD KEY `used_by` (`used_by`),
  ADD KEY `idx_token` (`token`),
  ADD KEY `idx_used` (`used`),
  ADD KEY `idx_expires_at` (`expires_at`);

--
-- Indexes for table `audit_logs`
--
ALTER TABLE `audit_logs`
  ADD PRIMARY KEY (`audit_id`),
  ADD KEY `employee_id` (`employee_id`),
  ADD KEY `attendance_id` (`attendance_id`),
  ADD KEY `idx_action_type` (`action_type`),
  ADD KEY `idx_user_id` (`user_id`),
  ADD KEY `idx_created_at` (`created_at`);

--
-- Indexes for table `department_heads`
--
ALTER TABLE `department_heads`
  ADD PRIMARY KEY (`dept_head_id`),
  ADD UNIQUE KEY `user_id` (`user_id`);

--
-- Indexes for table `employees`
--
ALTER TABLE `employees`
  ADD PRIMARY KEY (`employee_id`),
  ADD UNIQUE KEY `user_id` (`user_id`),
  ADD UNIQUE KEY `employee_number` (`employee_number`),
  ADD KEY `idx_employee_number` (`employee_number`),
  ADD KEY `idx_status` (`status`),
  ADD KEY `idx_department` (`department`);

--
-- Indexes for table `holidays`
--
ALTER TABLE `holidays`
  ADD PRIMARY KEY (`holiday_id`),
  ADD UNIQUE KEY `holiday_date` (`holiday_date`),
  ADD KEY `idx_holiday_date` (`holiday_date`),
  ADD KEY `idx_year` (`year`);

--
-- Indexes for table `leave_balances`
--
ALTER TABLE `leave_balances`
  ADD PRIMARY KEY (`balance_id`),
  ADD UNIQUE KEY `unique_balance` (`employee_id`,`leave_type_id`,`year`),
  ADD KEY `idx_employee_id` (`employee_id`),
  ADD KEY `fk_lb_type` (`leave_type_id`);

--
-- Indexes for table `leave_requests`
--
ALTER TABLE `leave_requests`
  ADD PRIMARY KEY (`leave_request_id`),
  ADD KEY `idx_employee_id` (`employee_id`),
  ADD KEY `idx_status` (`status`),
  ADD KEY `fk_lr_type` (`leave_type_id`);

--
-- Indexes for table `leave_types`
--
ALTER TABLE `leave_types`
  ADD PRIMARY KEY (`leave_type_id`),
  ADD UNIQUE KEY `leave_type_name` (`leave_type_name`);

--
-- Indexes for table `notifications`
--
ALTER TABLE `notifications`
  ADD PRIMARY KEY (`notification_id`),
  ADD KEY `idx_user_id` (`user_id`),
  ADD KEY `idx_is_read` (`is_read`);

--
-- Indexes for table `users`
--
ALTER TABLE `users`
  ADD PRIMARY KEY (`user_id`),
  ADD UNIQUE KEY `username` (`username`),
  ADD KEY `idx_username` (`username`),
  ADD KEY `idx_role` (`role`),
  ADD KEY `idx_status` (`status`);

--
-- AUTO_INCREMENT for dumped tables
--

--
-- AUTO_INCREMENT for table `attendance`
--
ALTER TABLE `attendance`
  MODIFY `attendance_id` int(11) NOT NULL AUTO_INCREMENT, AUTO_INCREMENT=15;

--
-- AUTO_INCREMENT for table `attendance_tokens`
--
ALTER TABLE `attendance_tokens`
  MODIFY `token_id` int(11) NOT NULL AUTO_INCREMENT, AUTO_INCREMENT=295;

--
-- AUTO_INCREMENT for table `audit_logs`
--
ALTER TABLE `audit_logs`
  MODIFY `audit_id` int(11) NOT NULL AUTO_INCREMENT, AUTO_INCREMENT=169;

--
-- AUTO_INCREMENT for table `department_heads`
--
ALTER TABLE `department_heads`
  MODIFY `dept_head_id` int(11) NOT NULL AUTO_INCREMENT;

--
-- AUTO_INCREMENT for table `employees`
--
ALTER TABLE `employees`
  MODIFY `employee_id` int(11) NOT NULL AUTO_INCREMENT, AUTO_INCREMENT=10;

--
-- AUTO_INCREMENT for table `holidays`
--
ALTER TABLE `holidays`
  MODIFY `holiday_id` int(11) NOT NULL AUTO_INCREMENT;

--
-- AUTO_INCREMENT for table `leave_balances`
--
ALTER TABLE `leave_balances`
  MODIFY `balance_id` int(11) NOT NULL AUTO_INCREMENT;

--
-- AUTO_INCREMENT for table `leave_requests`
--
ALTER TABLE `leave_requests`
  MODIFY `leave_request_id` int(11) NOT NULL AUTO_INCREMENT, AUTO_INCREMENT=2;

--
-- AUTO_INCREMENT for table `leave_types`
--
ALTER TABLE `leave_types`
  MODIFY `leave_type_id` int(11) NOT NULL AUTO_INCREMENT, AUTO_INCREMENT=4;

--
-- AUTO_INCREMENT for table `notifications`
--
ALTER TABLE `notifications`
  MODIFY `notification_id` int(11) NOT NULL AUTO_INCREMENT;

--
-- AUTO_INCREMENT for table `users`
--
ALTER TABLE `users`
  MODIFY `user_id` int(11) NOT NULL AUTO_INCREMENT, AUTO_INCREMENT=13;

--
-- Constraints for dumped tables
--

--
-- Constraints for table `attendance`
--
ALTER TABLE `attendance`
  ADD CONSTRAINT `attendance_ibfk_1` FOREIGN KEY (`employee_id`) REFERENCES `employees` (`employee_id`) ON DELETE CASCADE,
  ADD CONSTRAINT `attendance_ibfk_2` FOREIGN KEY (`approved_by`) REFERENCES `users` (`user_id`);

--
-- Constraints for table `attendance_tokens`
--
ALTER TABLE `attendance_tokens`
  ADD CONSTRAINT `attendance_tokens_ibfk_1` FOREIGN KEY (`generated_by`) REFERENCES `users` (`user_id`),
  ADD CONSTRAINT `attendance_tokens_ibfk_2` FOREIGN KEY (`used_by`) REFERENCES `employees` (`employee_id`);

--
-- Constraints for table `audit_logs`
--
ALTER TABLE `audit_logs`
  ADD CONSTRAINT `audit_logs_ibfk_1` FOREIGN KEY (`user_id`) REFERENCES `users` (`user_id`),
  ADD CONSTRAINT `audit_logs_ibfk_2` FOREIGN KEY (`employee_id`) REFERENCES `employees` (`employee_id`),
  ADD CONSTRAINT `audit_logs_ibfk_3` FOREIGN KEY (`attendance_id`) REFERENCES `attendance` (`attendance_id`);

--
-- Constraints for table `employees`
--
ALTER TABLE `employees`
  ADD CONSTRAINT `employees_ibfk_1` FOREIGN KEY (`user_id`) REFERENCES `users` (`user_id`) ON DELETE CASCADE;

--
-- Constraints for table `leave_balances`
--
ALTER TABLE `leave_balances`
  ADD CONSTRAINT `fk_lb_employee` FOREIGN KEY (`employee_id`) REFERENCES `employees` (`employee_id`) ON DELETE CASCADE,
  ADD CONSTRAINT `fk_lb_type` FOREIGN KEY (`leave_type_id`) REFERENCES `leave_types` (`leave_type_id`);

--
-- Constraints for table `leave_requests`
--
ALTER TABLE `leave_requests`
  ADD CONSTRAINT `fk_lr_employee` FOREIGN KEY (`employee_id`) REFERENCES `employees` (`employee_id`) ON DELETE CASCADE,
  ADD CONSTRAINT `fk_lr_type` FOREIGN KEY (`leave_type_id`) REFERENCES `leave_types` (`leave_type_id`);
COMMIT;

/*!40101 SET CHARACTER_SET_CLIENT=@OLD_CHARACTER_SET_CLIENT */;
/*!40101 SET CHARACTER_SET_RESULTS=@OLD_CHARACTER_SET_RESULTS */;
/*!40101 SET COLLATION_CONNECTION=@OLD_COLLATION_CONNECTION */;
